Using vips to process variants requires the libvips library. Please install libvips using the instructions on the libvips website.
Using vips to process variants requires the libvips library. Please install libvips using the instructions on the libvips website.
Using vips to process variants requires the libvips library. Please install libvips using the instructions on the libvips website.
Using vips to process variants requires the libvips library. Please install libvips using the instructions on the libvips website.
Using vips to process variants requires the libvips library. Please install libvips using the instructions on the libvips website.
Using vips to process variants requires the libvips library. Please install libvips using the instructions on the libvips website.
  [1m[35mSQL (0.2ms)[0m  [1m[35mSET search_path TO public /*application='MetaversoSimulados'*/[0m
  [1m[35m (511.3ms)[0m  [1m[35mCREATE DATABASE "metaverso_simulados_development" ENCODING = 'unicode' /*application='MetaversoSimulados'*/[0m
  [1m[35mSQL (0.2ms)[0m  [1m[35mSET search_path TO public /*application='MetaversoSimulados'*/[0m
  [1m[35m (417.4ms)[0m  [1m[35mCREATE DATABASE "metaverso_simulados_test" ENCODING = 'unicode' /*application='MetaversoSimulados'*/[0m
  [1m[35m (32.3ms)[0m  [1m[35mCREATE TABLE "schema_migrations" ("version" character varying NOT NULL PRIMARY KEY) /*application='MetaversoSimulados'*/[0m
  [1m[35m (28.7ms)[0m  [1m[35mCREATE TABLE "ar_internal_metadata" ("key" character varying NOT NULL PRIMARY KEY, "value" character varying, "created_at" timestamp(6) NOT NULL, "updated_at" timestamp(6) NOT NULL) /*application='MetaversoSimulados'*/[0m
  [1m[35m (0.2ms)[0m  [1m[34mSELECT pg_try_advisory_lock(6623752011174755310) /*application='MetaversoSimulados'*/[0m
  [1m[36mActiveRecord::SchemaMigration Load (0.6ms)[0m  [1m[34mSELECT "schema_migrations"."version" FROM "schema_migrations" ORDER BY "schema_migrations"."version" ASC /*application='MetaversoSimulados'*/[0m
  [1m[36mActiveRecord::InternalMetadata Load (0.7ms)[0m  [1m[34mSELECT * FROM "ar_internal_metadata" WHERE "ar_internal_metadata"."key" = 'environment' ORDER BY "ar_internal_metadata"."key" ASC LIMIT 1 /*application='MetaversoSimulados'*/[0m
  [1m[36mActiveRecord::InternalMetadata Create (51.7ms)[0m  [1m[32mINSERT INTO "ar_internal_metadata" ("key", "value", "created_at", "updated_at") VALUES ('environment', 'development', '2026-10-04 02:02:17.796058', '2026-10-04 02:02:17.796061') RETURNING "key" /*application='MetaversoSimulados'*/[0m
Migrating to CreateClassrooms (20261004015628)
  [1m[36mTRANSACTION (0.3ms)[0m  [1m[35mBEGIN /*application='MetaversoSimulados'*/[0m
  [1m[35m (3.7ms)[0m  [1m[35mCREATE TABLE "classrooms" ("id" bigserial primary key, "name" character varying NOT NULL, "school_year" integer, "created_at" timestamp(6) NOT NULL, "updated_at" timestamp(6) NOT NULL) /*application='MetaversoSimulados'*/[0m
  [1m[36mActiveRecord::SchemaMigration Create (0.3ms)[0m  [1m[32mINSERT INTO "schema_migrations" ("version") VALUES ('20261004015628') RETURNING "version" /*application='MetaversoSimulados'*/[0m
  [1m[36mTRANSACTION (46.9ms)[0m  [1m[35mCOMMIT /*application='MetaversoSimulados'*/[0m
  [1m[35m (0.3ms)[0m  [1m[34mSELECT pg_advisory_unlock(6623752011174755310) /*application='MetaversoSimulados'*/[0m
  [1m[35m (0.2ms)[0m  [1m[34mSELECT pg_try_advisory_lock(6623752011174755310) /*application='MetaversoSimulados'*/[0m
  [1m[36mActiveRecord::SchemaMigration Load (0.3ms)[0m  [1m[34mSELECT "schema_migrations"."version" FROM "schema_migrations" ORDER BY "schema_migrations"."version" ASC /*application='MetaversoSimulados'*/[0m
  [1m[36mActiveRecord::InternalMetadata Load (0.3ms)[0m  [1m[34mSELECT * FROM "ar_internal_metadata" WHERE "ar_internal_metadata"."key" = 'environment' ORDER BY "ar_internal_metadata"."key" ASC LIMIT 1 /*application='MetaversoSimulados'*/[0m
Migrating to CreateStudents (20261004015635)
  [1m[36mTRANSACTION (0.2ms)[0m  [1m[35mBEGIN /*application='MetaversoSimulados'*/[0m
  [1m[35m (3.8ms)[0m  [1m[35mCREATE TABLE "students" ("id" bigserial primary key, "name" character varying NOT NULL, "registration_number" character varying, "classroom_id" bigint NOT NULL, "created_at" timestamp(6) NOT NULL, "updated_at" timestamp(6) NOT NULL, CONSTRAINT "fk_rails_4fde1dad9c"
FOREIGN KEY ("classroom_id")
  REFERENCES "classrooms" ("id")
) /*application='MetaversoSimulados'*/[0m
  [1m[35m (0.4ms)[0m  [1m[35mCREATE INDEX "index_students_on_classroom_id" ON "students" ("classroom_id") /*application='MetaversoSimulados'*/[0m
  [1m[35m (0.5ms)[0m  [1m[35mCREATE UNIQUE INDEX "index_students_on_registration_number" ON "students" ("registration_number") /*application='MetaversoSimulados'*/[0m
  [1m[36mActiveRecord::SchemaMigration Create (0.2ms)[0m  [1m[32mINSERT INTO "schema_migrations" ("version") VALUES ('20261004015635') RETURNING "version" /*application='MetaversoSimulados'*/[0m
  [1m[36mTRANSACTION (37.9ms)[0m  [1m[35mCOMMIT /*application='MetaversoSimulados'*/[0m
  [1m[35m (0.2ms)[0m  [1m[34mSELECT pg_advisory_unlock(6623752011174755310) /*application='MetaversoSimulados'*/[0m
  [1m[35m (0.1ms)[0m  [1m[34mSELECT pg_try_advisory_lock(6623752011174755310) /*application='MetaversoSimulados'*/[0m
  [1m[36mActiveRecord::SchemaMigration Load (0.2ms)[0m  [1m[34mSELECT "schema_migrations"."version" FROM "schema_migrations" ORDER BY "schema_migrations"."version" ASC /*application='MetaversoSimulados'*/[0m
  [1m[36mActiveRecord::InternalMetadata Load (0.2ms)[0m  [1m[34mSELECT * FROM "ar_internal_metadata" WHERE "ar_internal_metadata"."key" = 'environment' ORDER BY "ar_internal_metadata"."key" ASC LIMIT 1 /*application='MetaversoSimulados'*/[0m
Migrating to CreateSubjects (20261004015642)
  [1m[36mTRANSACTION (0.2ms)[0m  [1m[35mBEGIN /*application='MetaversoSimulados'*/[0m
  [1m[35m (3.0ms)[0m  [1m[35mCREATE TABLE "subjects" ("id" bigserial primary key, "name" character varying NOT NULL, "created_at" timestamp(6) NOT NULL, "updated_at" timestamp(6) NOT NULL) /*application='MetaversoSimulados'*/[0m
  [1m[35m (0.4ms)[0m  [1m[35mCREATE UNIQUE INDEX "index_subjects_on_name" ON "subjects" ("name") /*application='MetaversoSimulados'*/[0m
  [1m[36mActiveRecord::SchemaMigration Create (0.2ms)[0m  [1m[32mINSERT INTO "schema_migrations" ("version") VALUES ('20261004015642') RETURNING "version" /*application='MetaversoSimulados'*/[0m
  [1m[36mTRANSACTION (46.8ms)[0m  [1m[35mCOMMIT /*application='MetaversoSimulados'*/[0m
  [1m[35m (0.3ms)[0m  [1m[34mSELECT pg_advisory_unlock(6623752011174755310) /*application='MetaversoSimulados'*/[0m
  [1m[35m (0.1ms)[0m  [1m[34mSELECT pg_try_advisory_lock(6623752011174755310) /*application='MetaversoSimulados'*/[0m
  [1m[36mActiveRecord::SchemaMigration Load (0.2ms)[0m  [1m[34mSELECT "schema_migrations"."version" FROM "schema_migrations" ORDER BY "schema_migrations"."version" ASC /*application='MetaversoSimulados'*/[0m
  [1m[36mActiveRecord::InternalMetadata Load (0.2ms)[0m  [1m[34mSELECT * FROM "ar_internal_metadata" WHERE "ar_internal_metadata"."key" = 'environment' ORDER BY "ar_internal_metadata"."key" ASC LIMIT 1 /*application='MetaversoSimulados'*/[0m
Migrating to CreateExams (20261004015650)
  [1m[36mTRANSACTION (0.2ms)[0m  [1m[35mBEGIN /*application='MetaversoSimulados'*/[0m
  [1m[35m (1.6ms)[0m  [1m[35mCREATE TABLE "exams" ("id" bigserial primary key, "title" character varying NOT NULL, "applied_on" date, "options_count" integer DEFAULT 5 NOT NULL, "created_at" timestamp(6) NOT NULL, "updated_at" timestamp(6) NOT NULL) /*application='MetaversoSimulados'*/[0m
  [1m[36mActiveRecord::SchemaMigration Create (0.2ms)[0m  [1m[32mINSERT INTO "schema_migrations" ("version") VALUES ('20261004015650') RETURNING "version" /*application='MetaversoSimulados'*/[0m
  [1m[36mTRANSACTION (47.0ms)[0m  [1m[35mCOMMIT /*application='MetaversoSimulados'*/[0m
  [1m[35m (0.3ms)[0m  [1m[34mSELECT pg_advisory_unlock(6623752011174755310) /*application='MetaversoSimulados'*/[0m
  [1m[35m (0.2ms)[0m  [1m[34mSELECT pg_try_advisory_lock(6623752011174755310) /*application='MetaversoSimulados'*/[0m
  [1m[36mActiveRecord::SchemaMigration Load (0.2ms)[0m  [1m[34mSELECT "schema_migrations"."version" FROM "schema_migrations" ORDER BY "schema_migrations"."version" ASC /*application='MetaversoSimulados'*/[0m
  [1m[36mActiveRecord::InternalMetadata Load (0.3ms)[0m  [1m[34mSELECT * FROM "ar_internal_metadata" WHERE "ar_internal_metadata"."key" = 'environment' ORDER BY "ar_internal_metadata"."key" ASC LIMIT 1 /*application='MetaversoSimulados'*/[0m
Migrating to CreateExamClassrooms (20261004015657)
  [1m[36mTRANSACTION (0.2ms)[0m  [1m[35mBEGIN /*application='MetaversoSimulados'*/[0m
  [1m[35m (3.1ms)[0m  [1m[35mCREATE TABLE "exam_classrooms" ("id" bigserial primary key, "exam_id" bigint NOT NULL, "classroom_id" bigint NOT NULL, "created_at" timestamp(6) NOT NULL, "updated_at" timestamp(6) NOT NULL, CONSTRAINT "fk_rails_0750f68107"
FOREIGN KEY ("exam_id")
  REFERENCES "exams" ("id")
 ON DELETE CASCADE, CONSTRAINT "fk_rails_72b8aef93a"
FOREIGN KEY ("classroom_id")
  REFERENCES "classrooms" ("id")
) /*application='MetaversoSimulados'*/[0m
  [1m[35m (0.5ms)[0m  [1m[35mCREATE INDEX "index_exam_classrooms_on_exam_id" ON "exam_classrooms" ("exam_id") /*application='MetaversoSimulados'*/[0m
  [1m[35m (0.5ms)[0m  [1m[35mCREATE INDEX "index_exam_classrooms_on_classroom_id" ON "exam_classrooms" ("classroom_id") /*application='MetaversoSimulados'*/[0m
  [1m[35m (0.5ms)[0m  [1m[35mCREATE UNIQUE INDEX "index_exam_classrooms_on_exam_id_and_classroom_id" ON "exam_classrooms" ("exam_id", "classroom_id") /*application='MetaversoSimulados'*/[0m
  [1m[36mActiveRecord::SchemaMigration Create (0.2ms)[0m  [1m[32mINSERT INTO "schema_migrations" ("version") VALUES ('20261004015657') RETURNING "version" /*application='MetaversoSimulados'*/[0m
  [1m[36mTRANSACTION (38.9ms)[0m  [1m[35mCOMMIT /*application='MetaversoSimulados'*/[0m
  [1m[35m (0.3ms)[0m  [1m[34mSELECT pg_advisory_unlock(6623752011174755310) /*application='MetaversoSimulados'*/[0m
  [1m[35m (0.1ms)[0m  [1m[34mSELECT pg_try_advisory_lock(6623752011174755310) /*application='MetaversoSimulados'*/[0m
  [1m[36mActiveRecord::SchemaMigration Load (0.2ms)[0m  [1m[34mSELECT "schema_migrations"."version" FROM "schema_migrations" ORDER BY "schema_migrations"."version" ASC /*application='MetaversoSimulados'*/[0m
  [1m[36mActiveRecord::InternalMetadata Load (0.2ms)[0m  [1m[34mSELECT * FROM "ar_internal_metadata" WHERE "ar_internal_metadata"."key" = 'environment' ORDER BY "ar_internal_metadata"."key" ASC LIMIT 1 /*application='MetaversoSimulados'*/[0m
Migrating to CreateExamSubjects (20261004015704)
  [1m[36mTRANSACTION (0.2ms)[0m  [1m[35mBEGIN /*application='MetaversoSimulados'*/[0m
  [1m[35m (1.7ms)[0m  [1m[35mCREATE TABLE "exam_subjects" ("id" bigserial primary key, "exam_id" bigint NOT NULL, "subject_id" bigint NOT NULL, "position" integer DEFAULT 0 NOT NULL, "questions_count" integer NOT NULL, "points_per_question" decimal(6,2) NOT NULL, "created_at" timestamp(6) NOT NULL, "updated_at" timestamp(6) NOT NULL, CONSTRAINT "fk_rails_d8e47f3453"
FOREIGN KEY ("exam_id")
  REFERENCES "exams" ("id")
 ON DELETE CASCADE, CONSTRAINT "fk_rails_9fd297bc5b"
FOREIGN KEY ("subject_id")
  REFERENCES "subjects" ("id")
) /*application='MetaversoSimulados'*/[0m
  [1m[35m (0.5ms)[0m  [1m[35mCREATE INDEX "index_exam_subjects_on_exam_id" ON "exam_subjects" ("exam_id") /*application='MetaversoSimulados'*/[0m
  [1m[35m (0.4ms)[0m  [1m[35mCREATE INDEX "index_exam_subjects_on_subject_id" ON "exam_subjects" ("subject_id") /*application='MetaversoSimulados'*/[0m
  [1m[36mActiveRecord::SchemaMigration Create (0.2ms)[0m  [1m[32mINSERT INTO "schema_migrations" ("version") VALUES ('20261004015704') RETURNING "version" /*application='MetaversoSimulados'*/[0m
  [1m[36mTRANSACTION (74.4ms)[0m  [1m[35mCOMMIT /*application='MetaversoSimulados'*/[0m
  [1m[35m (0.3ms)[0m  [1m[34mSELECT pg_advisory_unlock(6623752011174755310) /*application='MetaversoSimulados'*/[0m
  [1m[35m (0.2ms)[0m  [1m[34mSELECT pg_try_advisory_lock(6623752011174755310) /*application='MetaversoSimulados'*/[0m
  [1m[36mActiveRecord::SchemaMigration Load (0.2ms)[0m  [1m[34mSELECT "schema_migrations"."version" FROM "schema_migrations" ORDER BY "schema_migrations"."version" ASC /*application='MetaversoSimulados'*/[0m
  [1m[36mActiveRecord::InternalMetadata Load (0.2ms)[0m  [1m[34mSELECT * FROM "ar_internal_metadata" WHERE "ar_internal_metadata"."key" = 'environment' ORDER BY "ar_internal_metadata"."key" ASC LIMIT 1 /*application='MetaversoSimulados'*/[0m
Migrating to CreateExamQuestions (20261004015712)
  [1m[36mTRANSACTION (0.2ms)[0m  [1m[35mBEGIN /*application='MetaversoSimulados'*/[0m
  [1m[35m (1.4ms)[0m  [1m[35mCREATE TABLE "exam_questions" ("id" bigserial primary key, "exam_id" bigint NOT NULL, "exam_subject_id" bigint NOT NULL, "number" integer NOT NULL, "correct_option" character varying(1), "annulled" boolean DEFAULT FALSE NOT NULL, "created_at" timestamp(6) NOT NULL, "updated_at" timestamp(6) NOT NULL, CONSTRAINT "fk_rails_b45b8182ff"
FOREIGN KEY ("exam_id")
  REFERENCES "exams" ("id")
 ON DELETE CASCADE, CONSTRAINT "fk_rails_ff5e8f9fae"
FOREIGN KEY ("exam_subject_id")
  REFERENCES "exam_subjects" ("id")
 ON DELETE CASCADE) /*application='MetaversoSimulados'*/[0m
  [1m[35m (0.4ms)[0m  [1m[35mCREATE INDEX "index_exam_questions_on_exam_id" ON "exam_questions" ("exam_id") /*application='MetaversoSimulados'*/[0m
  [1m[35m (0.4ms)[0m  [1m[35mCREATE INDEX "index_exam_questions_on_exam_subject_id" ON "exam_questions" ("exam_subject_id") /*application='MetaversoSimulados'*/[0m
  [1m[35m (0.4ms)[0m  [1m[35mCREATE UNIQUE INDEX "index_exam_questions_on_exam_id_and_number" ON "exam_questions" ("exam_id", "number") /*application='MetaversoSimulados'*/[0m
  [1m[36mActiveRecord::SchemaMigration Create (0.2ms)[0m  [1m[32mINSERT INTO "schema_migrations" ("version") VALUES ('20261004015712') RETURNING "version" /*application='MetaversoSimulados'*/[0m
  [1m[36mTRANSACTION (34.0ms)[0m  [1m[35mCOMMIT /*application='MetaversoSimulados'*/[0m
  [1m[35m (0.3ms)[0m  [1m[34mSELECT pg_advisory_unlock(6623752011174755310) /*application='MetaversoSimulados'*/[0m
  [1m[35m (0.1ms)[0m  [1m[34mSELECT pg_try_advisory_lock(6623752011174755310) /*application='MetaversoSimulados'*/[0m
  [1m[36mActiveRecord::SchemaMigration Load (0.2ms)[0m  [1m[34mSELECT "schema_migrations"."version" FROM "schema_migrations" ORDER BY "schema_migrations"."version" ASC /*application='MetaversoSimulados'*/[0m
  [1m[36mActiveRecord::InternalMetadata Load (0.2ms)[0m  [1m[34mSELECT * FROM "ar_internal_metadata" WHERE "ar_internal_metadata"."key" = 'environment' ORDER BY "ar_internal_metadata"."key" ASC LIMIT 1 /*application='MetaversoSimulados'*/[0m
Migrating to CreateAnswerSheets (20261004015719)
  [1m[36mTRANSACTION (0.2ms)[0m  [1m[35mBEGIN /*application='MetaversoSimulados'*/[0m
  [1m[35m (1.6ms)[0m  [1m[35mCREATE TABLE "answer_sheets" ("id" bigserial primary key, "exam_id" bigint NOT NULL, "student_id" bigint, "status" character varying DEFAULT 'pending' NOT NULL, "score" decimal(7,2), "created_at" timestamp(6) NOT NULL, "updated_at" timestamp(6) NOT NULL, CONSTRAINT "fk_rails_3ff13f2d9a"
FOREIGN KEY ("exam_id")
  REFERENCES "exams" ("id")
 ON DELETE CASCADE, CONSTRAINT "fk_rails_927a414475"
FOREIGN KEY ("student_id")
  REFERENCES "students" ("id")
) /*application='MetaversoSimulados'*/[0m
  [1m[35m (0.4ms)[0m  [1m[35mCREATE INDEX "index_answer_sheets_on_exam_id" ON "answer_sheets" ("exam_id") /*application='MetaversoSimulados'*/[0m
  [1m[35m (0.4ms)[0m  [1m[35mCREATE INDEX "index_answer_sheets_on_student_id" ON "answer_sheets" ("student_id") /*application='MetaversoSimulados'*/[0m
  [1m[36mActiveRecord::SchemaMigration Create (0.2ms)[0m  [1m[32mINSERT INTO "schema_migrations" ("version") VALUES ('20261004015719') RETURNING "version" /*application='MetaversoSimulados'*/[0m
  [1m[36mTRANSACTION (43.1ms)[0m  [1m[35mCOMMIT /*application='MetaversoSimulados'*/[0m
  [1m[35m (0.3ms)[0m  [1m[34mSELECT pg_advisory_unlock(6623752011174755310) /*application='MetaversoSimulados'*/[0m
  [1m[35m (0.1ms)[0m  [1m[34mSELECT pg_try_advisory_lock(6623752011174755310) /*application='MetaversoSimulados'*/[0m
  [1m[36mActiveRecord::SchemaMigration Load (0.2ms)[0m  [1m[34mSELECT "schema_migrations"."version" FROM "schema_migrations" ORDER BY "schema_migrations"."version" ASC /*application='MetaversoSimulados'*/[0m
  [1m[36mActiveRecord::InternalMetadata Load (0.2ms)[0m  [1m[34mSELECT * FROM "ar_internal_metadata" WHERE "ar_internal_metadata"."key" = 'environment' ORDER BY "ar_internal_metadata"."key" ASC LIMIT 1 /*application='MetaversoSimulados'*/[0m
Migrating to CreateSheetAnswers (20261004015727)
  [1m[36mTRANSACTION (0.2ms)[0m  [1m[35mBEGIN /*application='MetaversoSimulados'*/[0m
  [1m[35m (1.3ms)[0m  [1m[35mCREATE TABLE "sheet_answers" ("id" bigserial primary key, "answer_sheet_id" bigint NOT NULL, "exam_question_id" bigint NOT NULL, "marked_option" character varying(1), "multiple_marks" boolean DEFAULT FALSE NOT NULL, "confidence" float, "created_at" timestamp(6) NOT NULL, "updated_at" timestamp(6) NOT NULL, CONSTRAINT "fk_rails_e2e12029ff"
FOREIGN KEY ("answer_sheet_id")
  REFERENCES "answer_sheets" ("id")
 ON DELETE CASCADE, CONSTRAINT "fk_rails_44e0e27d95"
FOREIGN KEY ("exam_question_id")
  REFERENCES "exam_questions" ("id")
 ON DELETE CASCADE) /*application='MetaversoSimulados'*/[0m
  [1m[35m (0.4ms)[0m  [1m[35mCREATE INDEX "index_sheet_answers_on_answer_sheet_id" ON "sheet_answers" ("answer_sheet_id") /*application='MetaversoSimulados'*/[0m
  [1m[35m (0.4ms)[0m  [1m[35mCREATE INDEX "index_sheet_answers_on_exam_question_id" ON "sheet_answers" ("exam_question_id") /*application='MetaversoSimulados'*/[0m
  [1m[35m (0.4ms)[0m  [1m[35mCREATE UNIQUE INDEX "index_sheet_answers_on_answer_sheet_id_and_exam_question_id" ON "sheet_answers" ("answer_sheet_id", "exam_question_id") /*application='MetaversoSimulados'*/[0m
  [1m[36mActiveRecord::SchemaMigration Create (0.2ms)[0m  [1m[32mINSERT INTO "schema_migrations" ("version") VALUES ('20261004015727') RETURNING "version" /*application='MetaversoSimulados'*/[0m
  [1m[36mTRANSACTION (42.9ms)[0m  [1m[35mCOMMIT /*application='MetaversoSimulados'*/[0m
  [1m[35m (0.3ms)[0m  [1m[34mSELECT pg_advisory_unlock(6623752011174755310) /*application='MetaversoSimulados'*/[0m
  [1m[35m (0.1ms)[0m  [1m[34mSELECT pg_try_advisory_lock(6623752011174755310) /*application='MetaversoSimulados'*/[0m
  [1m[36mActiveRecord::SchemaMigration Load (0.2ms)[0m  [1m[34mSELECT "schema_migrations"."version" FROM "schema_migrations" ORDER BY "schema_migrations"."version" ASC /*application='MetaversoSimulados'*/[0m
  [1m[36mActiveRecord::InternalMetadata Load (0.2ms)[0m  [1m[34mSELECT * FROM "ar_internal_metadata" WHERE "ar_internal_metadata"."key" = 'environment' ORDER BY "ar_internal_metadata"."key" ASC LIMIT 1 /*application='MetaversoSimulados'*/[0m
Migrating to CreateActiveStorageTables (20261004015735)
  [1m[36mTRANSACTION (0.2ms)[0m  [1m[35mBEGIN /*application='MetaversoSimulados'*/[0m
  [1m[35m (3.1ms)[0m  [1m[35mCREATE TABLE "active_storage_blobs" ("id" bigserial primary key, "key" character varying NOT NULL, "filename" character varying NOT NULL, "content_type" character varying, "metadata" text, "service_name" character varying NOT NULL, "byte_size" bigint NOT NULL, "checksum" character varying, "created_at" timestamp(6) NOT NULL) /*application='MetaversoSimulados'*/[0m
  [1m[35m (0.4ms)[0m  [1m[35mCREATE UNIQUE INDEX "index_active_storage_blobs_on_key" ON "active_storage_blobs" ("key") /*application='MetaversoSimulados'*/[0m
  [1m[35m (1.3ms)[0m  [1m[35mCREATE TABLE "active_storage_attachments" ("id" bigserial primary key, "name" character varying NOT NULL, "record_type" character varying NOT NULL, "record_id" bigint NOT NULL, "blob_id" bigint NOT NULL, "created_at" timestamp(6) NOT NULL, CONSTRAINT "fk_rails_c3b3935057"
FOREIGN KEY ("blob_id")
  REFERENCES "active_storage_blobs" ("id")
) /*application='MetaversoSimulados'*/[0m
  [1m[35m (0.5ms)[0m  [1m[35mCREATE INDEX "index_active_storage_attachments_on_blob_id" ON "active_storage_attachments" ("blob_id") /*application='MetaversoSimulados'*/[0m
  [1m[35m (0.4ms)[0m  [1m[35mCREATE UNIQUE INDEX "index_active_storage_attachments_uniqueness" ON "active_storage_attachments" ("record_type", "record_id", "name", "blob_id") /*application='MetaversoSimulados'*/[0m
  [1m[35m (1.5ms)[0m  [1m[35mCREATE TABLE "active_storage_variant_records" ("id" bigserial primary key, "blob_id" bigint NOT NULL, "variation_digest" character varying NOT NULL, CONSTRAINT "fk_rails_993965df05"
FOREIGN KEY ("blob_id")
  REFERENCES "active_storage_blobs" ("id")
) /*application='MetaversoSimulados'*/[0m
  [1m[35m (0.4ms)[0m  [1m[35mCREATE UNIQUE INDEX "index_active_storage_variant_records_uniqueness" ON "active_storage_variant_records" ("blob_id", "variation_digest") /*application='MetaversoSimulados'*/[0m
  [1m[36mActiveRecord::SchemaMigration Create (0.2ms)[0m  [1m[32mINSERT INTO "schema_migrations" ("version") VALUES ('20261004015735') RETURNING "version" /*application='MetaversoSimulados'*/[0m
  [1m[36mTRANSACTION (40.2ms)[0m  [1m[35mCOMMIT /*application='MetaversoSimulados'*/[0m
  [1m[35m (0.3ms)[0m  [1m[34mSELECT pg_advisory_unlock(6623752011174755310) /*application='MetaversoSimulados'*/[0m
  [1m[35m (23.5ms)[0m  [1m[35mCREATE TABLE "schema_migrations" ("version" character varying NOT NULL PRIMARY KEY) /*application='MetaversoSimulados'*/[0m
  [1m[35m (30.0ms)[0m  [1m[35mCREATE TABLE "ar_internal_metadata" ("key" character varying NOT NULL PRIMARY KEY, "value" character varying, "created_at" timestamp(6) NOT NULL, "updated_at" timestamp(6) NOT NULL) /*application='MetaversoSimulados'*/[0m
  [1m[35m (0.2ms)[0m  [1m[34mSELECT pg_try_advisory_lock(3304651487964544515) /*application='MetaversoSimulados'*/[0m
  [1m[36mActiveRecord::SchemaMigration Load (0.5ms)[0m  [1m[34mSELECT "schema_migrations"."version" FROM "schema_migrations" ORDER BY "schema_migrations"."version" ASC /*application='MetaversoSimulados'*/[0m
  [1m[36mActiveRecord::InternalMetadata Load (0.5ms)[0m  [1m[34mSELECT * FROM "ar_internal_metadata" WHERE "ar_internal_metadata"."key" = 'environment' ORDER BY "ar_internal_metadata"."key" ASC LIMIT 1 /*application='MetaversoSimulados'*/[0m
  [1m[36mActiveRecord::InternalMetadata Create (27.8ms)[0m  [1m[32mINSERT INTO "ar_internal_metadata" ("key", "value", "created_at", "updated_at") VALUES ('environment', 'test', '2026-10-04 02:02:18.859949', '2026-10-04 02:02:18.859952') RETURNING "key" /*application='MetaversoSimulados'*/[0m
Migrating to CreateClassrooms (20261004015628)
  [1m[36mTRANSACTION (0.2ms)[0m  [1m[35mBEGIN /*application='MetaversoSimulados'*/[0m
  [1m[35m (3.4ms)[0m  [1m[35mCREATE TABLE "classrooms" ("id" bigserial primary key, "name" character varying NOT NULL, "school_year" integer, "created_at" timestamp(6) NOT NULL, "updated_at" timestamp(6) NOT NULL) /*application='MetaversoSimulados'*/[0m
  [1m[36mActiveRecord::SchemaMigration Create (0.3ms)[0m  [1m[32mINSERT INTO "schema_migrations" ("version") VALUES ('20261004015628') RETURNING "version" /*application='MetaversoSimulados'*/[0m
  [1m[36mTRANSACTION (29.2ms)[0m  [1m[35mCOMMIT /*application='MetaversoSimulados'*/[0m
  [1m[35m (0.3ms)[0m  [1m[34mSELECT pg_advisory_unlock(3304651487964544515) /*application='MetaversoSimulados'*/[0m
  [1m[35m (0.2ms)[0m  [1m[34mSELECT pg_try_advisory_lock(3304651487964544515) /*application='MetaversoSimulados'*/[0m
  [1m[36mActiveRecord::SchemaMigration Load (0.4ms)[0m  [1m[34mSELECT "schema_migrations"."version" FROM "schema_migrations" ORDER BY "schema_migrations"."version" ASC /*application='MetaversoSimulados'*/[0m
  [1m[36mActiveRecord::InternalMetadata Load (0.4ms)[0m  [1m[34mSELECT * FROM "ar_internal_metadata" WHERE "ar_internal_metadata"."key" = 'environment' ORDER BY "ar_internal_metadata"."key" ASC LIMIT 1 /*application='MetaversoSimulados'*/[0m
Migrating to CreateStudents (20261004015635)
  [1m[36mTRANSACTION (0.2ms)[0m  [1m[35mBEGIN /*application='MetaversoSimulados'*/[0m
  [1m[35m (2.5ms)[0m  [1m[35mCREATE TABLE "students" ("id" bigserial primary key, "name" character varying NOT NULL, "registration_number" character varying, "classroom_id" bigint NOT NULL, "created_at" timestamp(6) NOT NULL, "updated_at" timestamp(6) NOT NULL, CONSTRAINT "fk_rails_4fde1dad9c"
FOREIGN KEY ("classroom_id")
  REFERENCES "classrooms" ("id")
) /*application='MetaversoSimulados'*/[0m
  [1m[35m (0.4ms)[0m  [1m[35mCREATE INDEX "index_students_on_classroom_id" ON "students" ("classroom_id") /*application='MetaversoSimulados'*/[0m
  [1m[35m (0.4ms)[0m  [1m[35mCREATE UNIQUE INDEX "index_students_on_registration_number" ON "students" ("registration_number") /*application='MetaversoSimulados'*/[0m
  [1m[36mActiveRecord::SchemaMigration Create (0.2ms)[0m  [1m[32mINSERT INTO "schema_migrations" ("version") VALUES ('20261004015635') RETURNING "version" /*application='MetaversoSimulados'*/[0m
  [1m[36mTRANSACTION (27.8ms)[0m  [1m[35mCOMMIT /*application='MetaversoSimulados'*/[0m
  [1m[35m (0.3ms)[0m  [1m[34mSELECT pg_advisory_unlock(3304651487964544515) /*application='MetaversoSimulados'*/[0m
  [1m[35m (0.2ms)[0m  [1m[34mSELECT pg_try_advisory_lock(3304651487964544515) /*application='MetaversoSimulados'*/[0m
  [1m[36mActiveRecord::SchemaMigration Load (0.4ms)[0m  [1m[34mSELECT "schema_migrations"."version" FROM "schema_migrations" ORDER BY "schema_migrations"."version" ASC /*application='MetaversoSimulados'*/[0m
  [1m[36mActiveRecord::InternalMetadata Load (0.5ms)[0m  [1m[34mSELECT * FROM "ar_internal_metadata" WHERE "ar_internal_metadata"."key" = 'environment' ORDER BY "ar_internal_metadata"."key" ASC LIMIT 1 /*application='MetaversoSimulados'*/[0m
Migrating to CreateSubjects (20261004015642)
  [1m[36mTRANSACTION (0.2ms)[0m  [1m[35mBEGIN /*application='MetaversoSimulados'*/[0m
  [1m[35m (2.1ms)[0m  [1m[35mCREATE TABLE "subjects" ("id" bigserial primary key, "name" character varying NOT NULL, "created_at" timestamp(6) NOT NULL, "updated_at" timestamp(6) NOT NULL) /*application='MetaversoSimulados'*/[0m
  [1m[35m (0.3ms)[0m  [1m[35mCREATE UNIQUE INDEX "index_subjects_on_name" ON "subjects" ("name") /*application='MetaversoSimulados'*/[0m
  [1m[36mActiveRecord::SchemaMigration Create (0.2ms)[0m  [1m[32mINSERT INTO "schema_migrations" ("version") VALUES ('20261004015642') RETURNING "version" /*application='MetaversoSimulados'*/[0m
  [1m[36mTRANSACTION (69.3ms)[0m  [1m[35mCOMMIT /*application='MetaversoSimulados'*/[0m
  [1m[35m (0.3ms)[0m  [1m[34mSELECT pg_advisory_unlock(3304651487964544515) /*application='MetaversoSimulados'*/[0m
  [1m[35m (0.2ms)[0m  [1m[34mSELECT pg_try_advisory_lock(3304651487964544515) /*application='MetaversoSimulados'*/[0m
  [1m[36mActiveRecord::SchemaMigration Load (0.4ms)[0m  [1m[34mSELECT "schema_migrations"."version" FROM "schema_migrations" ORDER BY "schema_migrations"."version" ASC /*application='MetaversoSimulados'*/[0m
  [1m[36mActiveRecord::InternalMetadata Load (0.4ms)[0m  [1m[34mSELECT * FROM "ar_internal_metadata" WHERE "ar_internal_metadata"."key" = 'environment' ORDER BY "ar_internal_metadata"."key" ASC LIMIT 1 /*application='MetaversoSimulados'*/[0m
Migrating to CreateExams (20261004015650)
  [1m[36mTRANSACTION (0.2ms)[0m  [1m[35mBEGIN /*application='MetaversoSimulados'*/[0m
  [1m[35m (1.9ms)[0m  [1m[35mCREATE TABLE "exams" ("id" bigserial primary key, "title" character varying NOT NULL, "applied_on" date, "options_count" integer DEFAULT 5 NOT NULL, "created_at" timestamp(6) NOT NULL, "updated_at" timestamp(6) NOT NULL) /*application='MetaversoSimulados'*/[0m
  [1m[36mActiveRecord::SchemaMigration Create (0.3ms)[0m  [1m[32mINSERT INTO "schema_migrations" ("version") VALUES ('20261004015650') RETURNING "version" /*application='MetaversoSimulados'*/[0m
  [1m[36mTRANSACTION (28.9ms)[0m  [1m[35mCOMMIT /*application='MetaversoSimulados'*/[0m
  [1m[35m (0.3ms)[0m  [1m[34mSELECT pg_advisory_unlock(3304651487964544515) /*application='MetaversoSimulados'*/[0m
  [1m[35m (0.2ms)[0m  [1m[34mSELECT pg_try_advisory_lock(3304651487964544515) /*application='MetaversoSimulados'*/[0m
  [1m[36mActiveRecord::SchemaMigration Load (0.5ms)[0m  [1m[34mSELECT "schema_migrations"."version" FROM "schema_migrations" ORDER BY "schema_migrations"."version" ASC /*application='MetaversoSimulados'*/[0m
  [1m[36mActiveRecord::InternalMetadata Load (0.7ms)[0m  [1m[34mSELECT * FROM "ar_internal_metadata" WHERE "ar_internal_metadata"."key" = 'environment' ORDER BY "ar_internal_metadata"."key" ASC LIMIT 1 /*application='MetaversoSimulados'*/[0m
Migrating to CreateExamClassrooms (20261004015657)
  [1m[36mTRANSACTION (0.2ms)[0m  [1m[35mBEGIN /*application='MetaversoSimulados'*/[0m
  [1m[35m (2.1ms)[0m  [1m[35mCREATE TABLE "exam_classrooms" ("id" bigserial primary key, "exam_id" bigint NOT NULL, "classroom_id" bigint NOT NULL, "created_at" timestamp(6) NOT NULL, "updated_at" timestamp(6) NOT NULL, CONSTRAINT "fk_rails_0750f68107"
FOREIGN KEY ("exam_id")
  REFERENCES "exams" ("id")
 ON DELETE CASCADE, CONSTRAINT "fk_rails_72b8aef93a"
FOREIGN KEY ("classroom_id")
  REFERENCES "classrooms" ("id")
) /*application='MetaversoSimulados'*/[0m
  [1m[35m (0.5ms)[0m  [1m[35mCREATE INDEX "index_exam_classrooms_on_exam_id" ON "exam_classrooms" ("exam_id") /*application='MetaversoSimulados'*/[0m
  [1m[35m (0.4ms)[0m  [1m[35mCREATE INDEX "index_exam_classrooms_on_classroom_id" ON "exam_classrooms" ("classroom_id") /*application='MetaversoSimulados'*/[0m
  [1m[35m (0.3ms)[0m  [1m[35mCREATE UNIQUE INDEX "index_exam_classrooms_on_exam_id_and_classroom_id" ON "exam_classrooms" ("exam_id", "classroom_id") /*application='MetaversoSimulados'*/[0m
  [1m[36mActiveRecord::SchemaMigration Create (0.2ms)[0m  [1m[32mINSERT INTO "schema_migrations" ("version") VALUES ('20261004015657') RETURNING "version" /*application='MetaversoSimulados'*/[0m
  [1m[36mTRANSACTION (20.9ms)[0m  [1m[35mCOMMIT /*application='MetaversoSimulados'*/[0m
  [1m[35m (0.3ms)[0m  [1m[34mSELECT pg_advisory_unlock(3304651487964544515) /*application='MetaversoSimulados'*/[0m
  [1m[35m (0.2ms)[0m  [1m[34mSELECT pg_try_advisory_lock(3304651487964544515) /*application='MetaversoSimulados'*/[0m
  [1m[36mActiveRecord::SchemaMigration Load (0.4ms)[0m  [1m[34mSELECT "schema_migrations"."version" FROM "schema_migrations" ORDER BY "schema_migrations"."version" ASC /*application='MetaversoSimulados'*/[0m
  [1m[36mActiveRecord::InternalMetadata Load (0.4ms)[0m  [1m[34mSELECT * FROM "ar_internal_metadata" WHERE "ar_internal_metadata"."key" = 'environment' ORDER BY "ar_internal_metadata"."key" ASC LIMIT 1 /*application='MetaversoSimulados'*/[0m
Migrating to CreateExamSubjects (20261004015704)
  [1m[36mTRANSACTION (0.2ms)[0m  [1m[35mBEGIN /*application='MetaversoSimulados'*/[0m
  [1m[35m (2.5ms)[0m  [1m[35mCREATE TABLE "exam_subjects" ("id" bigserial primary key, "exam_id" bigint NOT NULL, "subject_id" bigint NOT NULL, "position" integer DEFAULT 0 NOT NULL, "questions_count" integer NOT NULL, "points_per_question" decimal(6,2) NOT NULL, "created_at" timestamp(6) NOT NULL, "updated_at" timestamp(6) NOT NULL, CONSTRAINT "fk_rails_d8e47f3453"
FOREIGN KEY ("exam_id")
  REFERENCES "exams" ("id")
 ON DELETE CASCADE, CONSTRAINT "fk_rails_9fd297bc5b"
FOREIGN KEY ("subject_id")
  REFERENCES "subjects" ("id")
) /*application='MetaversoSimulados'*/[0m
  [1m[35m (0.4ms)[0m  [1m[35mCREATE INDEX "index_exam_subjects_on_exam_id" ON "exam_subjects" ("exam_id") /*application='MetaversoSimulados'*/[0m
  [1m[35m (0.3ms)[0m  [1m[35mCREATE INDEX "index_exam_subjects_on_subject_id" ON "exam_subjects" ("subject_id") /*application='MetaversoSimulados'*/[0m
  [1m[36mActiveRecord::SchemaMigration Create (0.2ms)[0m  [1m[32mINSERT INTO "schema_migrations" ("version") VALUES ('20261004015704') RETURNING "version" /*application='MetaversoSimulados'*/[0m
  [1m[36mTRANSACTION (32.8ms)[0m  [1m[35mCOMMIT /*application='MetaversoSimulados'*/[0m
  [1m[35m (0.3ms)[0m  [1m[34mSELECT pg_advisory_unlock(3304651487964544515) /*application='MetaversoSimulados'*/[0m
  [1m[35m (0.2ms)[0m  [1m[34mSELECT pg_try_advisory_lock(3304651487964544515) /*application='MetaversoSimulados'*/[0m
  [1m[36mActiveRecord::SchemaMigration Load (0.4ms)[0m  [1m[34mSELECT "schema_migrations"."version" FROM "schema_migrations" ORDER BY "schema_migrations"."version" ASC /*application='MetaversoSimulados'*/[0m
  [1m[36mActiveRecord::InternalMetadata Load (0.4ms)[0m  [1m[34mSELECT * FROM "ar_internal_metadata" WHERE "ar_internal_metadata"."key" = 'environment' ORDER BY "ar_internal_metadata"."key" ASC LIMIT 1 /*application='MetaversoSimulados'*/[0m
Migrating to CreateExamQuestions (20261004015712)
  [1m[36mTRANSACTION (0.1ms)[0m  [1m[35mBEGIN /*application='MetaversoSimulados'*/[0m
  [1m[35m (2.1ms)[0m  [1m[35mCREATE TABLE "exam_questions" ("id" bigserial primary key, "exam_id" bigint NOT NULL, "exam_subject_id" bigint NOT NULL, "number" integer NOT NULL, "correct_option" character varying(1), "annulled" boolean DEFAULT FALSE NOT NULL, "created_at" timestamp(6) NOT NULL, "updated_at" timestamp(6) NOT NULL, CONSTRAINT "fk_rails_b45b8182ff"
FOREIGN KEY ("exam_id")
  REFERENCES "exams" ("id")
 ON DELETE CASCADE, CONSTRAINT "fk_rails_ff5e8f9fae"
FOREIGN KEY ("exam_subject_id")
  REFERENCES "exam_subjects" ("id")
 ON DELETE CASCADE) /*application='MetaversoSimulados'*/[0m
  [1m[35m (0.4ms)[0m  [1m[35mCREATE INDEX "index_exam_questions_on_exam_id" ON "exam_questions" ("exam_id") /*application='MetaversoSimulados'*/[0m
  [1m[35m (0.4ms)[0m  [1m[35mCREATE INDEX "index_exam_questions_on_exam_subject_id" ON "exam_questions" ("exam_subject_id") /*application='MetaversoSimulados'*/[0m
  [1m[35m (0.4ms)[0m  [1m[35mCREATE UNIQUE INDEX "index_exam_questions_on_exam_id_and_number" ON "exam_questions" ("exam_id", "number") /*application='MetaversoSimulados'*/[0m
  [1m[36mActiveRecord::SchemaMigration Create (0.2ms)[0m  [1m[32mINSERT INTO "schema_migrations" ("version") VALUES ('20261004015712') RETURNING "version" /*application='MetaversoSimulados'*/[0m
  [1m[36mTRANSACTION (50.5ms)[0m  [1m[35mCOMMIT /*application='MetaversoSimulados'*/[0m
  [1m[35m (0.3ms)[0m  [1m[34mSELECT pg_advisory_unlock(3304651487964544515) /*application='MetaversoSimulados'*/[0m
  [1m[35m (0.2ms)[0m  [1m[34mSELECT pg_try_advisory_lock(3304651487964544515) /*application='MetaversoSimulados'*/[0m
  [1m[36mActiveRecord::SchemaMigration Load (0.4ms)[0m  [1m[34mSELECT "schema_migrations"."version" FROM "schema_migrations" ORDER BY "schema_migrations"."version" ASC /*application='MetaversoSimulados'*/[0m
  [1m[36mActiveRecord::InternalMetadata Load (0.4ms)[0m  [1m[34mSELECT * FROM "ar_internal_metadata" WHERE "ar_internal_metadata"."key" = 'environment' ORDER BY "ar_internal_metadata"."key" ASC LIMIT 1 /*application='MetaversoSimulados'*/[0m
Migrating to CreateAnswerSheets (20261004015719)
  [1m[36mTRANSACTION (0.1ms)[0m  [1m[35mBEGIN /*application='MetaversoSimulados'*/[0m
  [1m[35m (2.3ms)[0m  [1m[35mCREATE TABLE "answer_sheets" ("id" bigserial primary key, "exam_id" bigint NOT NULL, "student_id" bigint, "status" character varying DEFAULT 'pending' NOT NULL, "score" decimal(7,2), "created_at" timestamp(6) NOT NULL, "updated_at" timestamp(6) NOT NULL, CONSTRAINT "fk_rails_3ff13f2d9a"
FOREIGN KEY ("exam_id")
  REFERENCES "exams" ("id")
 ON DELETE CASCADE, CONSTRAINT "fk_rails_927a414475"
FOREIGN KEY ("student_id")
  REFERENCES "students" ("id")
) /*application='MetaversoSimulados'*/[0m
  [1m[35m (0.4ms)[0m  [1m[35mCREATE INDEX "index_answer_sheets_on_exam_id" ON "answer_sheets" ("exam_id") /*application='MetaversoSimulados'*/[0m
  [1m[35m (0.3ms)[0m  [1m[35mCREATE INDEX "index_answer_sheets_on_student_id" ON "answer_sheets" ("student_id") /*application='MetaversoSimulados'*/[0m
  [1m[36mActiveRecord::SchemaMigration Create (0.2ms)[0m  [1m[32mINSERT INTO "schema_migrations" ("version") VALUES ('20261004015719') RETURNING "version" /*application='MetaversoSimulados'*/[0m
  [1m[36mTRANSACTION (21.0ms)[0m  [1m[35mCOMMIT /*application='MetaversoSimulados'*/[0m
  [1m[35m (0.2ms)[0m  [1m[34mSELECT pg_advisory_unlock(3304651487964544515) /*application='MetaversoSimulados'*/[0m
  [1m[35m (0.2ms)[0m  [1m[34mSELECT pg_try_advisory_lock(3304651487964544515) /*application='MetaversoSimulados'*/[0m
  [1m[36mActiveRecord::SchemaMigration Load (0.4ms)[0m  [1m[34mSELECT "schema_migrations"."version" FROM "schema_migrations" ORDER BY "schema_migrations"."version" ASC /*application='MetaversoSimulados'*/[0m
  [1m[36mActiveRecord::InternalMetadata Load (0.4ms)[0m  [1m[34mSELECT * FROM "ar_internal_metadata" WHERE "ar_internal_metadata"."key" = 'environment' ORDER BY "ar_internal_metadata"."key" ASC LIMIT 1 /*application='MetaversoSimulados'*/[0m
Migrating to CreateSheetAnswers (20261004015727)
  [1m[36mTRANSACTION (0.2ms)[0m  [1m[35mBEGIN /*application='MetaversoSimulados'*/[0m
  [1m[35m (2.6ms)[0m  [1m[35mCREATE TABLE "sheet_answers" ("id" bigserial primary key, "answer_sheet_id" bigint NOT NULL, "exam_question_id" bigint NOT NULL, "marked_option" character varying(1), "multiple_marks" boolean DEFAULT FALSE NOT NULL, "confidence" float, "created_at" timestamp(6) NOT NULL, "updated_at" timestamp(6) NOT NULL, CONSTRAINT "fk_rails_e2e12029ff"
FOREIGN KEY ("answer_sheet_id")
  REFERENCES "answer_sheets" ("id")
 ON DELETE CASCADE, CONSTRAINT "fk_rails_44e0e27d95"
FOREIGN KEY ("exam_question_id")
  REFERENCES "exam_questions" ("id")
 ON DELETE CASCADE) /*application='MetaversoSimulados'*/[0m
  [1m[35m (0.4ms)[0m  [1m[35mCREATE INDEX "index_sheet_answers_on_answer_sheet_id" ON "sheet_answers" ("answer_sheet_id") /*application='MetaversoSimulados'*/[0m
  [1m[35m (0.4ms)[0m  [1m[35mCREATE INDEX "index_sheet_answers_on_exam_question_id" ON "sheet_answers" ("exam_question_id") /*application='MetaversoSimulados'*/[0m
  [1m[35m (0.4ms)[0m  [1m[35mCREATE UNIQUE INDEX "index_sheet_answers_on_answer_sheet_id_and_exam_question_id" ON "sheet_answers" ("answer_sheet_id", "exam_question_id") /*application='MetaversoSimulados'*/[0m
  [1m[36mActiveRecord::SchemaMigration Create (0.2ms)[0m  [1m[32mINSERT INTO "schema_migrations" ("version") VALUES ('20261004015727') RETURNING "version" /*application='MetaversoSimulados'*/[0m
  [1m[36mTRANSACTION (26.0ms)[0m  [1m[35mCOMMIT /*application='MetaversoSimulados'*/[0m
  [1m[35m (0.3ms)[0m  [1m[34mSELECT pg_advisory_unlock(3304651487964544515) /*application='MetaversoSimulados'*/[0m
  [1m[35m (0.2ms)[0m  [1m[34mSELECT pg_try_advisory_lock(3304651487964544515) /*application='MetaversoSimulados'*/[0m
  [1m[36mActiveRecord::SchemaMigration Load (0.4ms)[0m  [1m[34mSELECT "schema_migrations"."version" FROM "schema_migrations" ORDER BY "schema_migrations"."version" ASC /*application='MetaversoSimulados'*/[0m
  [1m[36mActiveRecord::InternalMetadata Load (0.5ms)[0m  [1m[34mSELECT * FROM "ar_internal_metadata" WHERE "ar_internal_metadata"."key" = 'environment' ORDER BY "ar_internal_metadata"."key" ASC LIMIT 1 /*application='MetaversoSimulados'*/[0m
Migrating to CreateActiveStorageTables (20261004015735)
  [1m[36mTRANSACTION (0.2ms)[0m  [1m[35mBEGIN /*application='MetaversoSimulados'*/[0m
  [1m[35m (3.3ms)[0m  [1m[35mCREATE TABLE "active_storage_blobs" ("id" bigserial primary key, "key" character varying NOT NULL, "filename" character varying NOT NULL, "content_type" character varying, "metadata" text, "service_name" character varying NOT NULL, "byte_size" bigint NOT NULL, "checksum" character varying, "created_at" timestamp(6) NOT NULL) /*application='MetaversoSimulados'*/[0m
  [1m[35m (0.3ms)[0m  [1m[35mCREATE UNIQUE INDEX "index_active_storage_blobs_on_key" ON "active_storage_blobs" ("key") /*application='MetaversoSimulados'*/[0m
  [1m[35m (1.5ms)[0m  [1m[35mCREATE TABLE "active_storage_attachments" ("id" bigserial primary key, "name" character varying NOT NULL, "record_type" character varying NOT NULL, "record_id" bigint NOT NULL, "blob_id" bigint NOT NULL, "created_at" timestamp(6) NOT NULL, CONSTRAINT "fk_rails_c3b3935057"
FOREIGN KEY ("blob_id")
  REFERENCES "active_storage_blobs" ("id")
) /*application='MetaversoSimulados'*/[0m
  [1m[35m (0.4ms)[0m  [1m[35mCREATE INDEX "index_active_storage_attachments_on_blob_id" ON "active_storage_attachments" ("blob_id") /*application='MetaversoSimulados'*/[0m
  [1m[35m (0.5ms)[0m  [1m[35mCREATE UNIQUE INDEX "index_active_storage_attachments_uniqueness" ON "active_storage_attachments" ("record_type", "record_id", "name", "blob_id") /*application='MetaversoSimulados'*/[0m
  [1m[35m (1.2ms)[0m  [1m[35mCREATE TABLE "active_storage_variant_records" ("id" bigserial primary key, "blob_id" bigint NOT NULL, "variation_digest" character varying NOT NULL, CONSTRAINT "fk_rails_993965df05"
FOREIGN KEY ("blob_id")
  REFERENCES "active_storage_blobs" ("id")
) /*application='MetaversoSimulados'*/[0m
  [1m[35m (0.4ms)[0m  [1m[35mCREATE UNIQUE INDEX "index_active_storage_variant_records_uniqueness" ON "active_storage_variant_records" ("blob_id", "variation_digest") /*application='MetaversoSimulados'*/[0m
  [1m[36mActiveRecord::SchemaMigration Create (0.2ms)[0m  [1m[32mINSERT INTO "schema_migrations" ("version") VALUES ('20261004015735') RETURNING "version" /*application='MetaversoSimulados'*/[0m
  [1m[36mTRANSACTION (28.0ms)[0m  [1m[35mCOMMIT /*application='MetaversoSimulados'*/[0m
  [1m[35m (0.3ms)[0m  [1m[34mSELECT pg_advisory_unlock(3304651487964544515) /*application='MetaversoSimulados'*/[0m
  [1m[36mActiveRecord::SchemaMigration Load (0.4ms)[0m  [1m[34mSELECT "schema_migrations"."version" FROM "schema_migrations" ORDER BY "schema_migrations"."version" ASC /*application='MetaversoSimulados'*/[0m
  [1m[35mSQL (0.2ms)[0m  [1m[35mSET search_path TO public /*application='MetaversoSimulados'*/[0m
  [1m[35mSQL (0.1ms)[0m  [1m[35mSET search_path TO "$user", public /*application='MetaversoSimulados'*/[0m
  [1m[35mSQL (0.1ms)[0m  [1m[35mSET search_path TO public /*application='MetaversoSimulados'*/[0m
  [1m[35mSQL (0.1ms)[0m  [1m[35mSET search_path TO "$user", public /*application='MetaversoSimulados'*/[0m
  [1m[36mActiveRecord::SchemaMigration Load (0.4ms)[0m  [1m[34mSELECT "schema_migrations"."version" FROM "schema_migrations" ORDER BY "schema_migrations"."version" ASC /*application='MetaversoSimulados'*/[0m
  [1m[35mSQL (0.1ms)[0m  [1m[35mSET search_path TO public /*application='MetaversoSimulados'*/[0m
  [1m[35mSQL (0.1ms)[0m  [1m[35mSET search_path TO "$user", public /*application='MetaversoSimulados'*/[0m
  [1m[35mSQL (0.1ms)[0m  [1m[35mSET search_path TO public /*application='MetaversoSimulados'*/[0m
  [1m[35mSQL (0.2ms)[0m  [1m[35mSET search_path TO "$user", public /*application='MetaversoSimulados'*/[0m
  [1m[36mSubject Load (0.7ms)[0m  [1m[34mSELECT "subjects".* FROM "subjects" WHERE "subjects"."name" = 'Português' LIMIT 1 /*application='MetaversoSimulados'*/[0m
  [1m[36mTRANSACTION (0.2ms)[0m  [1m[35mBEGIN /*application='MetaversoSimulados'*/[0m
  [1m[36mSubject Exists? (0.3ms)[0m  [1m[34mSELECT 1 AS one FROM "subjects" WHERE LOWER("subjects"."name") = LOWER('Português') LIMIT 1 /*application='MetaversoSimulados'*/[0m
  [1m[36mSubject Create (0.5ms)[0m  [1m[32mINSERT INTO "subjects" ("name", "created_at", "updated_at") VALUES ('Português', '2026-10-04 02:02:20.637336', '2026-10-04 02:02:20.637336') RETURNING "id" /*application='MetaversoSimulados'*/[0m
  [1m[36mTRANSACTION (255.2ms)[0m  [1m[35mCOMMIT /*application='MetaversoSimulados'*/[0m
  [1m[36mSubject Load (0.3ms)[0m  [1m[34mSELECT "subjects".* FROM "subjects" WHERE "subjects"."name" = 'Matemática' LIMIT 1 /*application='MetaversoSimulados'*/[0m
  [1m[36mTRANSACTION (0.2ms)[0m  [1m[35mBEGIN /*application='MetaversoSimulados'*/[0m
  [1m[36mSubject Exists? (2.5ms)[0m  [1m[34mSELECT 1 AS one FROM "subjects" WHERE LOWER("subjects"."name") = LOWER('Matemática') LIMIT 1 /*application='MetaversoSimulados'*/[0m
  [1m[36mSubject Create (0.2ms)[0m  [1m[32mINSERT INTO "subjects" ("name", "created_at", "updated_at") VALUES ('Matemática', '2026-10-04 02:02:20.902587', '2026-10-04 02:02:20.902587') RETURNING "id" /*application='MetaversoSimulados'*/[0m
  [1m[36mTRANSACTION (31.6ms)[0m  [1m[35mCOMMIT /*application='MetaversoSimulados'*/[0m
  [1m[36mSubject Load (0.3ms)[0m  [1m[34mSELECT "subjects".* FROM "subjects" WHERE "subjects"."name" = 'História' LIMIT 1 /*application='MetaversoSimulados'*/[0m
  [1m[36mTRANSACTION (0.1ms)[0m  [1m[35mBEGIN /*application='MetaversoSimulados'*/[0m
  [1m[36mSubject Exists? (1.7ms)[0m  [1m[34mSELECT 1 AS one FROM "subjects" WHERE LOWER("subjects"."name") = LOWER('História') LIMIT 1 /*application='MetaversoSimulados'*/[0m
  [1m[36mSubject Create (0.3ms)[0m  [1m[32mINSERT INTO "subjects" ("name", "created_at", "updated_at") VALUES ('História', '2026-10-04 02:02:20.943064', '2026-10-04 02:02:20.943064') RETURNING "id" /*application='MetaversoSimulados'*/[0m
  [1m[36mTRANSACTION (24.4ms)[0m  [1m[35mCOMMIT /*application='MetaversoSimulados'*/[0m
  [1m[36mSubject Load (0.3ms)[0m  [1m[34mSELECT "subjects".* FROM "subjects" WHERE "subjects"."name" = 'Geografia' LIMIT 1 /*application='MetaversoSimulados'*/[0m
  [1m[36mTRANSACTION (0.2ms)[0m  [1m[35mBEGIN /*application='MetaversoSimulados'*/[0m
  [1m[36mSubject Exists? (1.9ms)[0m  [1m[34mSELECT 1 AS one FROM "subjects" WHERE LOWER("subjects"."name") = LOWER('Geografia') LIMIT 1 /*application='MetaversoSimulados'*/[0m
  [1m[36mSubject Create (0.2ms)[0m  [1m[32mINSERT INTO "subjects" ("name", "created_at", "updated_at") VALUES ('Geografia', '2026-10-04 02:02:20.976687', '2026-10-04 02:02:20.976687') RETURNING "id" /*application='MetaversoSimulados'*/[0m
  [1m[36mTRANSACTION (24.3ms)[0m  [1m[35mCOMMIT /*application='MetaversoSimulados'*/[0m
  [1m[36mSubject Load (0.2ms)[0m  [1m[34mSELECT "subjects".* FROM "subjects" WHERE "subjects"."name" = 'Ciências' LIMIT 1 /*application='MetaversoSimulados'*/[0m
  [1m[36mTRANSACTION (0.1ms)[0m  [1m[35mBEGIN /*application='MetaversoSimulados'*/[0m
  [1m[36mSubject Exists? (1.7ms)[0m  [1m[34mSELECT 1 AS one FROM "subjects" WHERE LOWER("subjects"."name") = LOWER('Ciências') LIMIT 1 /*application='MetaversoSimulados'*/[0m
  [1m[36mSubject Create (0.3ms)[0m  [1m[32mINSERT INTO "subjects" ("name", "created_at", "updated_at") VALUES ('Ciências', '2026-10-04 02:02:21.008813', '2026-10-04 02:02:21.008813') RETURNING "id" /*application='MetaversoSimulados'*/[0m
  [1m[36mTRANSACTION (25.6ms)[0m  [1m[35mCOMMIT /*application='MetaversoSimulados'*/[0m
  [1m[36mSubject Load (0.3ms)[0m  [1m[34mSELECT "subjects".* FROM "subjects" WHERE "subjects"."name" = 'Inglês' LIMIT 1 /*application='MetaversoSimulados'*/[0m
  [1m[36mTRANSACTION (0.2ms)[0m  [1m[35mBEGIN /*application='MetaversoSimulados'*/[0m
  [1m[36mSubject Exists? (1.9ms)[0m  [1m[34mSELECT 1 AS one FROM "subjects" WHERE LOWER("subjects"."name") = LOWER('Inglês') LIMIT 1 /*application='MetaversoSimulados'*/[0m
  [1m[36mSubject Create (0.2ms)[0m  [1m[32mINSERT INTO "subjects" ("name", "created_at", "updated_at") VALUES ('Inglês', '2026-10-04 02:02:21.044088', '2026-10-04 02:02:21.044088') RETURNING "id" /*application='MetaversoSimulados'*/[0m
  [1m[36mTRANSACTION (23.6ms)[0m  [1m[35mCOMMIT /*application='MetaversoSimulados'*/[0m
  [1m[36mClassroom Load (0.5ms)[0m  [1m[34mSELECT "classrooms".* FROM "classrooms" WHERE "classrooms"."name" = '9º ano A' AND "classrooms"."school_year" = 2026 LIMIT 1 /*application='MetaversoSimulados'*/[0m
  [1m[36mTRANSACTION (0.2ms)[0m  [1m[35mBEGIN /*application='MetaversoSimulados'*/[0m
  [1m[36mClassroom Create (0.4ms)[0m  [1m[32mINSERT INTO "classrooms" ("name", "school_year", "created_at", "updated_at") VALUES ('9º ano A', 2026, '2026-10-04 02:02:21.103742', '2026-10-04 02:02:21.103742') RETURNING "id" /*application='MetaversoSimulados'*/[0m
  [1m[36mTRANSACTION (38.6ms)[0m  [1m[35mCOMMIT /*application='MetaversoSimulados'*/[0m
  [1m[36mStudent Load (0.9ms)[0m  [1m[34mSELECT "students".* FROM "students" WHERE "students"."classroom_id" = 1 AND "students"."name" = 'Ana Souza' ORDER BY "students"."name" ASC LIMIT 1 /*application='MetaversoSimulados'*/[0m
  [1m[36mTRANSACTION (0.2ms)[0m  [1m[35mBEGIN /*application='MetaversoSimulados'*/[0m
  [1m[36mStudent Exists? (1.9ms)[0m  [1m[34mSELECT 1 AS one FROM "students" WHERE "students"."registration_number" = '2026001' LIMIT 1 /*application='MetaversoSimulados'*/[0m
  [1m[36mStudent Create (0.8ms)[0m  [1m[32mINSERT INTO "students" ("name", "registration_number", "classroom_id", "created_at", "updated_at") VALUES ('Ana Souza', '2026001', 1, '2026-10-04 02:02:21.332806', '2026-10-04 02:02:21.332806') RETURNING "id" /*application='MetaversoSimulados'*/[0m
  [1m[36mTRANSACTION (39.1ms)[0m  [1m[35mCOMMIT /*application='MetaversoSimulados'*/[0m
  [1m[36mStudent Load (0.3ms)[0m  [1m[34mSELECT "students".* FROM "students" WHERE "students"."classroom_id" = 1 AND "students"."name" = 'Bruno Lima' ORDER BY "students"."name" ASC LIMIT 1 /*application='MetaversoSimulados'*/[0m
  [1m[36mTRANSACTION (0.1ms)[0m  [1m[35mBEGIN /*application='MetaversoSimulados'*/[0m
  [1m[36mStudent Exists? (2.0ms)[0m  [1m[34mSELECT 1 AS one FROM "students" WHERE "students"."registration_number" = '2026002' LIMIT 1 /*application='MetaversoSimulados'*/[0m
  [1m[36mStudent Create (0.3ms)[0m  [1m[32mINSERT INTO "students" ("name", "registration_number", "classroom_id", "created_at", "updated_at") VALUES ('Bruno Lima', '2026002', 1, '2026-10-04 02:02:21.381628', '2026-10-04 02:02:21.381628') RETURNING "id" /*application='MetaversoSimulados'*/[0m
  [1m[36mTRANSACTION (27.6ms)[0m  [1m[35mCOMMIT /*application='MetaversoSimulados'*/[0m
  [1m[36mStudent Load (0.3ms)[0m  [1m[34mSELECT "students".* FROM "students" WHERE "students"."classroom_id" = 1 AND "students"."name" = 'Carla Mendes' ORDER BY "students"."name" ASC LIMIT 1 /*application='MetaversoSimulados'*/[0m
  [1m[36mTRANSACTION (0.2ms)[0m  [1m[35mBEGIN /*application='MetaversoSimulados'*/[0m
  [1m[36mStudent Exists? (1.8ms)[0m  [1m[34mSELECT 1 AS one FROM "students" WHERE "students"."registration_number" = '2026003' LIMIT 1 /*application='MetaversoSimulados'*/[0m
  [1m[36mStudent Create (0.3ms)[0m  [1m[32mINSERT INTO "students" ("name", "registration_number", "classroom_id", "created_at", "updated_at") VALUES ('Carla Mendes', '2026003', 1, '2026-10-04 02:02:21.417595', '2026-10-04 02:02:21.417595') RETURNING "id" /*application='MetaversoSimulados'*/[0m
  [1m[36mTRANSACTION (25.4ms)[0m  [1m[35mCOMMIT /*application='MetaversoSimulados'*/[0m
  [1m[36mStudent Load (0.3ms)[0m  [1m[34mSELECT "students".* FROM "students" WHERE "students"."classroom_id" = 1 AND "students"."name" = 'Daniel Rocha' ORDER BY "students"."name" ASC LIMIT 1 /*application='MetaversoSimulados'*/[0m
  [1m[36mTRANSACTION (0.2ms)[0m  [1m[35mBEGIN /*application='MetaversoSimulados'*/[0m
  [1m[36mStudent Exists? (2.0ms)[0m  [1m[34mSELECT 1 AS one FROM "students" WHERE "students"."registration_number" = '2026004' LIMIT 1 /*application='MetaversoSimulados'*/[0m
  [1m[36mStudent Create (0.3ms)[0m  [1m[32mINSERT INTO "students" ("name", "registration_number", "classroom_id", "created_at", "updated_at") VALUES ('Daniel Rocha', '2026004', 1, '2026-10-04 02:02:21.451468', '2026-10-04 02:02:21.451468') RETURNING "id" /*application='MetaversoSimulados'*/[0m
  [1m[36mTRANSACTION (24.6ms)[0m  [1m[35mCOMMIT /*application='MetaversoSimulados'*/[0m
  [1m[36mStudent Load (0.3ms)[0m  [1m[34mSELECT "students".* FROM "students" WHERE "students"."classroom_id" = 1 AND "students"."name" = 'Eduarda Alves' ORDER BY "students"."name" ASC LIMIT 1 /*application='MetaversoSimulados'*/[0m
  [1m[36mTRANSACTION (0.2ms)[0m  [1m[35mBEGIN /*application='MetaversoSimulados'*/[0m
  [1m[36mStudent Exists? (1.7ms)[0m  [1m[34mSELECT 1 AS one FROM "students" WHERE "students"."registration_number" = '2026005' LIMIT 1 /*application='MetaversoSimulados'*/[0m
  [1m[36mStudent Create (0.3ms)[0m  [1m[32mINSERT INTO "students" ("name", "registration_number", "classroom_id", "created_at", "updated_at") VALUES ('Eduarda Alves', '2026005', 1, '2026-10-04 02:02:21.484754', '2026-10-04 02:02:21.484754') RETURNING "id" /*application='MetaversoSimulados'*/[0m
  [1m[36mTRANSACTION (24.8ms)[0m  [1m[35mCOMMIT /*application='MetaversoSimulados'*/[0m
  [1m[36mExam Exists? (0.3ms)[0m  [1m[34mSELECT 1 AS one FROM "exams" WHERE "exams"."title" = 'Simulado 1º bimestre' LIMIT 1 /*application='MetaversoSimulados'*/[0m
  [1m[36mTRANSACTION (0.2ms)[0m  [1m[35mBEGIN /*application='MetaversoSimulados'*/[0m
  [1m[36mSubject Load (2.1ms)[0m  [1m[34mSELECT "subjects".* FROM "subjects" WHERE "subjects"."id" = 1 LIMIT 1 /*application='MetaversoSimulados'*/[0m
  [1m[36mSubject Load (0.2ms)[0m  [1m[34mSELECT "subjects".* FROM "subjects" WHERE "subjects"."id" = 2 LIMIT 1 /*application='MetaversoSimulados'*/[0m
  [1m[36mExam Create (0.5ms)[0m  [1m[32mINSERT INTO "exams" ("title", "applied_on", "options_count", "created_at", "updated_at") VALUES ('Simulado 1º bimestre', '2026-10-03', 5, '2026-10-04 02:02:21.634389', '2026-10-04 02:02:21.634389') RETURNING "id" /*application='MetaversoSimulados'*/[0m
  [1m[36mExamClassroom Create (1.0ms)[0m  [1m[32mINSERT INTO "exam_classrooms" ("exam_id", "classroom_id", "created_at", "updated_at") VALUES (1, 1, '2026-10-04 02:02:21.636628', '2026-10-04 02:02:21.636628') RETURNING "id" /*application='MetaversoSimulados'*/[0m
  [1m[36mExamSubject Create (0.7ms)[0m  [1m[32mINSERT INTO "exam_subjects" ("exam_id", "subject_id", "position", "questions_count", "points_per_question", "created_at", "updated_at") VALUES (1, 1, 0, 10, 0.5, '2026-10-04 02:02:21.639409', '2026-10-04 02:02:21.639409') RETURNING "id" /*application='MetaversoSimulados'*/[0m
  [1m[36mExamSubject Create (0.3ms)[0m  [1m[32mINSERT INTO "exam_subjects" ("exam_id", "subject_id", "position", "questions_count", "points_per_question", "created_at", "updated_at") VALUES (1, 2, 1, 10, 0.5, '2026-10-04 02:02:21.641763', '2026-10-04 02:02:21.641763') RETURNING "id" /*application='MetaversoSimulados'*/[0m
  [1m[36mExamQuestion Load (0.5ms)[0m  [1m[34mSELECT "exam_questions".* FROM "exam_questions" WHERE "exam_questions"."exam_id" = 1 ORDER BY "exam_questions"."number" ASC /*application='MetaversoSimulados'*/[0m
  ↳ app/models/exam.rb:47:in 'block in Exam#sync_questions!'
  [1m[36mExamQuestion Update All (0.5ms)[0m  [1m[33mUPDATE "exam_questions" SET number = -number WHERE ("exam_questions"."id") IN (SELECT "exam_questions"."id" FROM "exam_questions" WHERE "exam_questions"."exam_id" = 1 ORDER BY "exam_questions"."number" ASC) /*application='MetaversoSimulados'*/[0m
  ↳ app/models/exam.rb:49:in 'block in Exam#sync_questions!'
  [1m[36mExamSubject Load (0.2ms)[0m  [1m[34mSELECT "exam_subjects".* FROM "exam_subjects" WHERE "exam_subjects"."exam_id" = 1 ORDER BY "exam_subjects"."position" ASC, "exam_subjects"."id" ASC /*application='MetaversoSimulados'*/[0m
  ↳ app/models/exam.rb:52:in 'block in Exam#sync_questions!'
  [1m[36mExamQuestion Create (0.7ms)[0m  [1m[32mINSERT INTO "exam_questions" ("exam_id", "exam_subject_id", "number", "correct_option", "annulled", "created_at", "updated_at") VALUES (1, 1, 1, NULL, FALSE, '2026-10-04 02:02:21.681817', '2026-10-04 02:02:21.681817') RETURNING "id" /*application='MetaversoSimulados'*/[0m
  ↳ app/models/exam.rb:61:in 'block (3 levels) in Exam#sync_questions!'
  [1m[36mExamQuestion Create (0.3ms)[0m  [1m[32mINSERT INTO "exam_questions" ("exam_id", "exam_subject_id", "number", "correct_option", "annulled", "created_at", "updated_at") VALUES (1, 1, 2, NULL, FALSE, '2026-10-04 02:02:21.684733', '2026-10-04 02:02:21.684733') RETURNING "id" /*application='MetaversoSimulados'*/[0m
  ↳ app/models/exam.rb:61:in 'block (3 levels) in Exam#sync_questions!'
  [1m[36mExamQuestion Create (0.3ms)[0m  [1m[32mINSERT INTO "exam_questions" ("exam_id", "exam_subject_id", "number", "correct_option", "annulled", "created_at", "updated_at") VALUES (1, 1, 3, NULL, FALSE, '2026-10-04 02:02:21.686854', '2026-10-04 02:02:21.686854') RETURNING "id" /*application='MetaversoSimulados'*/[0m
  ↳ app/models/exam.rb:61:in 'block (3 levels) in Exam#sync_questions!'
  [1m[36mExamQuestion Create (0.3ms)[0m  [1m[32mINSERT INTO "exam_questions" ("exam_id", "exam_subject_id", "number", "correct_option", "annulled", "created_at", "updated_at") VALUES (1, 1, 4, NULL, FALSE, '2026-10-04 02:02:21.689044', '2026-10-04 02:02:21.689044') RETURNING "id" /*application='MetaversoSimulados'*/[0m
  ↳ app/models/exam.rb:61:in 'block (3 levels) in Exam#sync_questions!'
  [1m[36mExamQuestion Create (0.3ms)[0m  [1m[32mINSERT INTO "exam_questions" ("exam_id", "exam_subject_id", "number", "correct_option", "annulled", "created_at", "updated_at") VALUES (1, 1, 5, NULL, FALSE, '2026-10-04 02:02:21.691112', '2026-10-04 02:02:21.691112') RETURNING "id" /*application='MetaversoSimulados'*/[0m
  ↳ app/models/exam.rb:61:in 'block (3 levels) in Exam#sync_questions!'
  [1m[36mExamQuestion Create (0.2ms)[0m  [1m[32mINSERT INTO "exam_questions" ("exam_id", "exam_subject_id", "number", "correct_option", "annulled", "created_at", "updated_at") VALUES (1, 1, 6, NULL, FALSE, '2026-10-04 02:02:21.693232', '2026-10-04 02:02:21.693232') RETURNING "id" /*application='MetaversoSimulados'*/[0m
  ↳ app/models/exam.rb:61:in 'block (3 levels) in Exam#sync_questions!'
  [1m[36mExamQuestion Create (0.2ms)[0m  [1m[32mINSERT INTO "exam_questions" ("exam_id", "exam_subject_id", "number", "correct_option", "annulled", "created_at", "updated_at") VALUES (1, 1, 7, NULL, FALSE, '2026-10-04 02:02:21.695187', '2026-10-04 02:02:21.695187') RETURNING "id" /*application='MetaversoSimulados'*/[0m
  ↳ app/models/exam.rb:61:in 'block (3 levels) in Exam#sync_questions!'
  [1m[36mExamQuestion Create (0.2ms)[0m  [1m[32mINSERT INTO "exam_questions" ("exam_id", "exam_subject_id", "number", "correct_option", "annulled", "created_at", "updated_at") VALUES (1, 1, 8, NULL, FALSE, '2026-10-04 02:02:21.697228', '2026-10-04 02:02:21.697228') RETURNING "id" /*application='MetaversoSimulados'*/[0m
  ↳ app/models/exam.rb:61:in 'block (3 levels) in Exam#sync_questions!'
  [1m[36mExamQuestion Create (0.2ms)[0m  [1m[32mINSERT INTO "exam_questions" ("exam_id", "exam_subject_id", "number", "correct_option", "annulled", "created_at", "updated_at") VALUES (1, 1, 9, NULL, FALSE, '2026-10-04 02:02:21.699383', '2026-10-04 02:02:21.699383') RETURNING "id" /*application='MetaversoSimulados'*/[0m
  ↳ app/models/exam.rb:61:in 'block (3 levels) in Exam#sync_questions!'
  [1m[36mExamQuestion Create (0.2ms)[0m  [1m[32mINSERT INTO "exam_questions" ("exam_id", "exam_subject_id", "number", "correct_option", "annulled", "created_at", "updated_at") VALUES (1, 1, 10, NULL, FALSE, '2026-10-04 02:02:21.701446', '2026-10-04 02:02:21.701446') RETURNING "id" /*application='MetaversoSimulados'*/[0m
  ↳ app/models/exam.rb:61:in 'block (3 levels) in Exam#sync_questions!'
  [1m[36mExamQuestion Create (0.4ms)[0m  [1m[32mINSERT INTO "exam_questions" ("exam_id", "exam_subject_id", "number", "correct_option", "annulled", "created_at", "updated_at") VALUES (1, 2, 11, NULL, FALSE, '2026-10-04 02:02:21.712450', '2026-10-04 02:02:21.712450') RETURNING "id" /*application='MetaversoSimulados'*/[0m
  ↳ app/models/exam.rb:61:in 'block (3 levels) in Exam#sync_questions!'
  [1m[36mExamQuestion Create (0.3ms)[0m  [1m[32mINSERT INTO "exam_questions" ("exam_id", "exam_subject_id", "number", "correct_option", "annulled", "created_at", "updated_at") VALUES (1, 2, 12, NULL, FALSE, '2026-10-04 02:02:21.715176', '2026-10-04 02:02:21.715176') RETURNING "id" /*application='MetaversoSimulados'*/[0m
  ↳ app/models/exam.rb:61:in 'block (3 levels) in Exam#sync_questions!'
  [1m[36mExamQuestion Create (0.3ms)[0m  [1m[32mINSERT INTO "exam_questions" ("exam_id", "exam_subject_id", "number", "correct_option", "annulled", "created_at", "updated_at") VALUES (1, 2, 13, NULL, FALSE, '2026-10-04 02:02:21.717602', '2026-10-04 02:02:21.717602') RETURNING "id" /*application='MetaversoSimulados'*/[0m
  ↳ app/models/exam.rb:61:in 'block (3 levels) in Exam#sync_questions!'
  [1m[36mExamQuestion Create (0.3ms)[0m  [1m[32mINSERT INTO "exam_questions" ("exam_id", "exam_subject_id", "number", "correct_option", "annulled", "created_at", "updated_at") VALUES (1, 2, 14, NULL, FALSE, '2026-10-04 02:02:21.719928', '2026-10-04 02:02:21.719928') RETURNING "id" /*application='MetaversoSimulados'*/[0m
  ↳ app/models/exam.rb:61:in 'block (3 levels) in Exam#sync_questions!'
  [1m[36mExamQuestion Create (0.3ms)[0m  [1m[32mINSERT INTO "exam_questions" ("exam_id", "exam_subject_id", "number", "correct_option", "annulled", "created_at", "updated_at") VALUES (1, 2, 15, NULL, FALSE, '2026-10-04 02:02:21.722516', '2026-10-04 02:02:21.722516') RETURNING "id" /*application='MetaversoSimulados'*/[0m
  ↳ app/models/exam.rb:61:in 'block (3 levels) in Exam#sync_questions!'
  [1m[36mExamQuestion Create (0.4ms)[0m  [1m[32mINSERT INTO "exam_questions" ("exam_id", "exam_subject_id", "number", "correct_option", "annulled", "created_at", "updated_at") VALUES (1, 2, 16, NULL, FALSE, '2026-10-04 02:02:21.725686', '2026-10-04 02:02:21.725686') RETURNING "id" /*application='MetaversoSimulados'*/[0m
  ↳ app/models/exam.rb:61:in 'block (3 levels) in Exam#sync_questions!'
  [1m[36mExamQuestion Create (0.2ms)[0m  [1m[32mINSERT INTO "exam_questions" ("exam_id", "exam_subject_id", "number", "correct_option", "annulled", "created_at", "updated_at") VALUES (1, 2, 17, NULL, FALSE, '2026-10-04 02:02:21.728156', '2026-10-04 02:02:21.728156') RETURNING "id" /*application='MetaversoSimulados'*/[0m
  ↳ app/models/exam.rb:61:in 'block (3 levels) in Exam#sync_questions!'
  [1m[36mExamQuestion Create (0.2ms)[0m  [1m[32mINSERT INTO "exam_questions" ("exam_id", "exam_subject_id", "number", "correct_option", "annulled", "created_at", "updated_at") VALUES (1, 2, 18, NULL, FALSE, '2026-10-04 02:02:21.730322', '2026-10-04 02:02:21.730322') RETURNING "id" /*application='MetaversoSimulados'*/[0m
  ↳ app/models/exam.rb:61:in 'block (3 levels) in Exam#sync_questions!'
  [1m[36mExamQuestion Create (0.2ms)[0m  [1m[32mINSERT INTO "exam_questions" ("exam_id", "exam_subject_id", "number", "correct_option", "annulled", "created_at", "updated_at") VALUES (1, 2, 19, NULL, FALSE, '2026-10-04 02:02:21.732561', '2026-10-04 02:02:21.732561') RETURNING "id" /*application='MetaversoSimulados'*/[0m
  ↳ app/models/exam.rb:61:in 'block (3 levels) in Exam#sync_questions!'
  [1m[36mExamQuestion Create (0.2ms)[0m  [1m[32mINSERT INTO "exam_questions" ("exam_id", "exam_subject_id", "number", "correct_option", "annulled", "created_at", "updated_at") VALUES (1, 2, 20, NULL, FALSE, '2026-10-04 02:02:21.734710', '2026-10-04 02:02:21.734710') RETURNING "id" /*application='MetaversoSimulados'*/[0m
  ↳ app/models/exam.rb:61:in 'block (3 levels) in Exam#sync_questions!'
  [1m[36mTRANSACTION (38.7ms)[0m  [1m[35mCOMMIT /*application='MetaversoSimulados'*/[0m
  [1m[36mExamQuestion Load (0.5ms)[0m  [1m[34mSELECT "exam_questions".* FROM "exam_questions" WHERE "exam_questions"."exam_id" = 1 ORDER BY "exam_questions"."number" ASC /*application='MetaversoSimulados'*/[0m
  [1m[36mTRANSACTION (0.2ms)[0m  [1m[35mBEGIN /*application='MetaversoSimulados'*/[0m
  [1m[36mExamQuestion Update (1.6ms)[0m  [1m[33mUPDATE "exam_questions" SET "correct_option" = 'C', "updated_at" = '2026-10-04 02:02:21.781666' WHERE "exam_questions"."id" = 1 /*application='MetaversoSimulados'*/[0m
  [1m[36mTRANSACTION (93.4ms)[0m  [1m[35mCOMMIT /*application='MetaversoSimulados'*/[0m
  [1m[36mTRANSACTION (0.2ms)[0m  [1m[35mBEGIN /*application='MetaversoSimulados'*/[0m
  [1m[36mExamQuestion Update (3.3ms)[0m  [1m[33mUPDATE "exam_questions" SET "correct_option" = 'C', "updated_at" = '2026-10-04 02:02:21.880250' WHERE "exam_questions"."id" = 2 /*application='MetaversoSimulados'*/[0m
  [1m[36mTRANSACTION (75.6ms)[0m  [1m[35mCOMMIT /*application='MetaversoSimulados'*/[0m
  [1m[36mTRANSACTION (0.2ms)[0m  [1m[35mBEGIN /*application='MetaversoSimulados'*/[0m
  [1m[36mExamQuestion Update (2.0ms)[0m  [1m[33mUPDATE "exam_questions" SET "correct_option" = 'A', "updated_at" = '2026-10-04 02:02:21.963201' WHERE "exam_questions"."id" = 3 /*application='MetaversoSimulados'*/[0m
  [1m[36mTRANSACTION (19.4ms)[0m  [1m[35mCOMMIT /*application='MetaversoSimulados'*/[0m
  [1m[36mTRANSACTION (0.2ms)[0m  [1m[35mBEGIN /*application='MetaversoSimulados'*/[0m
  [1m[36mExamQuestion Update (1.5ms)[0m  [1m[33mUPDATE "exam_questions" SET "correct_option" = 'E', "updated_at" = '2026-10-04 02:02:21.987910' WHERE "exam_questions"."id" = 4 /*application='MetaversoSimulados'*/[0m
  [1m[36mTRANSACTION (20.3ms)[0m  [1m[35mCOMMIT /*application='MetaversoSimulados'*/[0m
  [1m[36mTRANSACTION (0.2ms)[0m  [1m[35mBEGIN /*application='MetaversoSimulados'*/[0m
  [1m[36mExamQuestion Update (1.9ms)[0m  [1m[33mUPDATE "exam_questions" SET "correct_option" = 'D', "updated_at" = '2026-10-04 02:02:22.012631' WHERE "exam_questions"."id" = 5 /*application='MetaversoSimulados'*/[0m
  [1m[36mTRANSACTION (19.2ms)[0m  [1m[35mCOMMIT /*application='MetaversoSimulados'*/[0m
  [1m[36mTRANSACTION (0.2ms)[0m  [1m[35mBEGIN /*application='MetaversoSimulados'*/[0m
  [1m[36mExamQuestion Update (1.6ms)[0m  [1m[33mUPDATE "exam_questions" SET "correct_option" = 'B', "updated_at" = '2026-10-04 02:02:22.037910' WHERE "exam_questions"."id" = 6 /*application='MetaversoSimulados'*/[0m
  [1m[36mTRANSACTION (20.1ms)[0m  [1m[35mCOMMIT /*application='MetaversoSimulados'*/[0m
  [1m[36mTRANSACTION (0.1ms)[0m  [1m[35mBEGIN /*application='MetaversoSimulados'*/[0m
  [1m[36mExamQuestion Update (1.6ms)[0m  [1m[33mUPDATE "exam_questions" SET "correct_option" = 'E', "updated_at" = '2026-10-04 02:02:22.062499' WHERE "exam_questions"."id" = 7 /*application='MetaversoSimulados'*/[0m
  [1m[36mTRANSACTION (19.9ms)[0m  [1m[35mCOMMIT /*application='MetaversoSimulados'*/[0m
  [1m[36mTRANSACTION (0.2ms)[0m  [1m[35mBEGIN /*application='MetaversoSimulados'*/[0m
  [1m[36mExamQuestion Update (1.6ms)[0m  [1m[33mUPDATE "exam_questions" SET "correct_option" = 'D', "updated_at" = '2026-10-04 02:02:22.088144' WHERE "exam_questions"."id" = 8 /*application='MetaversoSimulados'*/[0m
  [1m[36mTRANSACTION (19.8ms)[0m  [1m[35mCOMMIT /*application='MetaversoSimulados'*/[0m
  [1m[36mTRANSACTION (0.1ms)[0m  [1m[35mBEGIN /*application='MetaversoSimulados'*/[0m
  [1m[36mExamQuestion Update (1.5ms)[0m  [1m[33mUPDATE "exam_questions" SET "correct_option" = 'E', "updated_at" = '2026-10-04 02:02:22.112496' WHERE "exam_questions"."id" = 9 /*application='MetaversoSimulados'*/[0m
  [1m[36mTRANSACTION (20.8ms)[0m  [1m[35mCOMMIT /*application='MetaversoSimulados'*/[0m
  [1m[36mTRANSACTION (0.2ms)[0m  [1m[35mBEGIN /*application='MetaversoSimulados'*/[0m
  [1m[36mExamQuestion Update (1.8ms)[0m  [1m[33mUPDATE "exam_questions" SET "correct_option" = 'D', "updated_at" = '2026-10-04 02:02:22.138755' WHERE "exam_questions"."id" = 10 /*application='MetaversoSimulados'*/[0m
  [1m[36mTRANSACTION (27.4ms)[0m  [1m[35mCOMMIT /*application='MetaversoSimulados'*/[0m
  [1m[36mTRANSACTION (0.2ms)[0m  [1m[35mBEGIN /*application='MetaversoSimulados'*/[0m
  [1m[36mExamQuestion Update (1.6ms)[0m  [1m[33mUPDATE "exam_questions" SET "correct_option" = 'D', "updated_at" = '2026-10-04 02:02:22.170991' WHERE "exam_questions"."id" = 11 /*application='MetaversoSimulados'*/[0m
  [1m[36mTRANSACTION (20.6ms)[0m  [1m[35mCOMMIT /*application='MetaversoSimulados'*/[0m
  [1m[36mTRANSACTION (0.2ms)[0m  [1m[35mBEGIN /*application='MetaversoSimulados'*/[0m
  [1m[36mExamQuestion Update (2.0ms)[0m  [1m[33mUPDATE "exam_questions" SET "correct_option" = 'E', "updated_at" = '2026-10-04 02:02:22.197113' WHERE "exam_questions"."id" = 12 /*application='MetaversoSimulados'*/[0m
  [1m[36mTRANSACTION (27.0ms)[0m  [1m[35mCOMMIT /*application='MetaversoSimulados'*/[0m
  [1m[36mTRANSACTION (0.1ms)[0m  [1m[35mBEGIN /*application='MetaversoSimulados'*/[0m
  [1m[36mExamQuestion Update (1.6ms)[0m  [1m[33mUPDATE "exam_questions" SET "correct_option" = 'A', "updated_at" = '2026-10-04 02:02:22.229333' WHERE "exam_questions"."id" = 13 /*application='MetaversoSimulados'*/[0m
  [1m[36mTRANSACTION (20.4ms)[0m  [1m[35mCOMMIT /*application='MetaversoSimulados'*/[0m
  [1m[36mTRANSACTION (0.1ms)[0m  [1m[35mBEGIN /*application='MetaversoSimulados'*/[0m
  [1m[36mExamQuestion Update (2.5ms)[0m  [1m[33mUPDATE "exam_questions" SET "correct_option" = 'C', "updated_at" = '2026-10-04 02:02:22.254589' WHERE "exam_questions"."id" = 14 /*application='MetaversoSimulados'*/[0m
  [1m[36mTRANSACTION (19.1ms)[0m  [1m[35mCOMMIT /*application='MetaversoSimulados'*/[0m
  [1m[36mTRANSACTION (0.2ms)[0m  [1m[35mBEGIN /*application='MetaversoSimulados'*/[0m
  [1m[36mExamQuestion Update (1.6ms)[0m  [1m[33mUPDATE "exam_questions" SET "correct_option" = 'D', "updated_at" = '2026-10-04 02:02:22.279178' WHERE "exam_questions"."id" = 15 /*application='MetaversoSimulados'*/[0m
  [1m[36mTRANSACTION (20.5ms)[0m  [1m[35mCOMMIT /*application='MetaversoSimulados'*/[0m
  [1m[36mTRANSACTION (0.2ms)[0m  [1m[35mBEGIN /*application='MetaversoSimulados'*/[0m
  [1m[36mExamQuestion Update (2.5ms)[0m  [1m[33mUPDATE "exam_questions" SET "correct_option" = 'E', "updated_at" = '2026-10-04 02:02:22.304774' WHERE "exam_questions"."id" = 16 /*application='MetaversoSimulados'*/[0m
  [1m[36mTRANSACTION (27.2ms)[0m  [1m[35mCOMMIT /*application='MetaversoSimulados'*/[0m
  [1m[36mTRANSACTION (0.2ms)[0m  [1m[35mBEGIN /*application='MetaversoSimulados'*/[0m
  [1m[36mExamQuestion Update (1.7ms)[0m  [1m[33mUPDATE "exam_questions" SET "correct_option" = 'A', "updated_at" = '2026-10-04 02:02:22.337806' WHERE "exam_questions"."id" = 17 /*application='MetaversoSimulados'*/[0m
  [1m[36mTRANSACTION (20.5ms)[0m  [1m[35mCOMMIT /*application='MetaversoSimulados'*/[0m
  [1m[36mTRANSACTION (0.2ms)[0m  [1m[35mBEGIN /*application='MetaversoSimulados'*/[0m
  [1m[36mExamQuestion Update (3.1ms)[0m  [1m[33mUPDATE "exam_questions" SET "correct_option" = 'D', "updated_at" = '2026-10-04 02:02:22.365738' WHERE "exam_questions"."id" = 18 /*application='MetaversoSimulados'*/[0m
  [1m[36mTRANSACTION (30.4ms)[0m  [1m[35mCOMMIT /*application='MetaversoSimulados'*/[0m
  [1m[36mTRANSACTION (0.2ms)[0m  [1m[35mBEGIN /*application='MetaversoSimulados'*/[0m
  [1m[36mExamQuestion Update (3.1ms)[0m  [1m[33mUPDATE "exam_questions" SET "correct_option" = 'A', "updated_at" = '2026-10-04 02:02:22.404645' WHERE "exam_questions"."id" = 19 /*application='MetaversoSimulados'*/[0m
  [1m[36mTRANSACTION (50.5ms)[0m  [1m[35mCOMMIT /*application='MetaversoSimulados'*/[0m
  [1m[36mTRANSACTION (0.2ms)[0m  [1m[35mBEGIN /*application='MetaversoSimulados'*/[0m
  [1m[36mExamQuestion Update (3.6ms)[0m  [1m[33mUPDATE "exam_questions" SET "correct_option" = 'E', "updated_at" = '2026-10-04 02:02:22.463379' WHERE "exam_questions"."id" = 20 /*application='MetaversoSimulados'*/[0m
  [1m[36mTRANSACTION (32.6ms)[0m  [1m[35mCOMMIT /*application='MetaversoSimulados'*/[0m
  [1m[36mSubject Count (0.4ms)[0m  [1m[34mSELECT COUNT(*) FROM "subjects" /*application='MetaversoSimulados'*/[0m
  [1m[36mStudent Count (0.2ms)[0m  [1m[34mSELECT COUNT(*) FROM "students" /*application='MetaversoSimulados'*/[0m
  [1m[36mExam Count (0.2ms)[0m  [1m[34mSELECT COUNT(*) FROM "exams" /*application='MetaversoSimulados'*/[0m
  [1m[36mActiveRecord::SchemaMigration Load (0.6ms)[0m  [1m[34mSELECT "schema_migrations"."version" FROM "schema_migrations" ORDER BY "schema_migrations"."version" ASC /*application='MetaversoSimulados'*/[0m
  [1m[36mSubject Load (0.4ms)[0m  [1m[34mSELECT "subjects".* FROM "subjects" WHERE "subjects"."name" = 'Português' LIMIT 1 /*application='MetaversoSimulados'*/[0m
  [1m[36mSubject Load (0.2ms)[0m  [1m[34mSELECT "subjects".* FROM "subjects" WHERE "subjects"."name" = 'Matemática' LIMIT 1 /*application='MetaversoSimulados'*/[0m
  [1m[36mSubject Load (0.2ms)[0m  [1m[34mSELECT "subjects".* FROM "subjects" WHERE "subjects"."name" = 'História' LIMIT 1 /*application='MetaversoSimulados'*/[0m
  [1m[36mSubject Load (0.2ms)[0m  [1m[34mSELECT "subjects".* FROM "subjects" WHERE "subjects"."name" = 'Geografia' LIMIT 1 /*application='MetaversoSimulados'*/[0m
  [1m[36mSubject Load (0.2ms)[0m  [1m[34mSELECT "subjects".* FROM "subjects" WHERE "subjects"."name" = 'Ciências' LIMIT 1 /*application='MetaversoSimulados'*/[0m
  [1m[36mSubject Load (0.2ms)[0m  [1m[34mSELECT "subjects".* FROM "subjects" WHERE "subjects"."name" = 'Inglês' LIMIT 1 /*application='MetaversoSimulados'*/[0m
  [1m[36mClassroom Load (0.3ms)[0m  [1m[34mSELECT "classrooms".* FROM "classrooms" WHERE "classrooms"."name" = '9º ano A' AND "classrooms"."school_year" = 2026 LIMIT 1 /*application='MetaversoSimulados'*/[0m
  [1m[36mStudent Load (0.4ms)[0m  [1m[34mSELECT "students".* FROM "students" WHERE "students"."classroom_id" = 1 AND "students"."name" = 'Ana Souza' ORDER BY "students"."name" ASC LIMIT 1 /*application='MetaversoSimulados'*/[0m
  [1m[36mStudent Load (0.4ms)[0m  [1m[34mSELECT "students".* FROM "students" WHERE "students"."classroom_id" = 1 AND "students"."name" = 'Bruno Lima' ORDER BY "students"."name" ASC LIMIT 1 /*application='MetaversoSimulados'*/[0m
  [1m[36mStudent Load (0.2ms)[0m  [1m[34mSELECT "students".* FROM "students" WHERE "students"."classroom_id" = 1 AND "students"."name" = 'Carla Mendes' ORDER BY "students"."name" ASC LIMIT 1 /*application='MetaversoSimulados'*/[0m
  [1m[36mStudent Load (0.3ms)[0m  [1m[34mSELECT "students".* FROM "students" WHERE "students"."classroom_id" = 1 AND "students"."name" = 'Daniel Rocha' ORDER BY "students"."name" ASC LIMIT 1 /*application='MetaversoSimulados'*/[0m
  [1m[36mStudent Load (0.2ms)[0m  [1m[34mSELECT "students".* FROM "students" WHERE "students"."classroom_id" = 1 AND "students"."name" = 'Eduarda Alves' ORDER BY "students"."name" ASC LIMIT 1 /*application='MetaversoSimulados'*/[0m
  [1m[36mExam Exists? (0.3ms)[0m  [1m[34mSELECT 1 AS one FROM "exams" WHERE "exams"."title" = 'Simulado 1º bimestre' LIMIT 1 /*application='MetaversoSimulados'*/[0m
  [1m[36mSubject Count (0.3ms)[0m  [1m[34mSELECT COUNT(*) FROM "subjects" /*application='MetaversoSimulados'*/[0m
  [1m[36mStudent Count (0.2ms)[0m  [1m[34mSELECT COUNT(*) FROM "students" /*application='MetaversoSimulados'*/[0m
  [1m[36mExam Count (0.2ms)[0m  [1m[34mSELECT COUNT(*) FROM "exams" /*application='MetaversoSimulados'*/[0m
  [1m[36mActiveRecord::SchemaMigration Load (0.6ms)[0m  [1m[34mSELECT "schema_migrations"."version" FROM "schema_migrations" ORDER BY "schema_migrations"."version" ASC /*application='MetaversoSimulados'*/[0m
  [1m[36mActiveRecord::SchemaMigration Load (0.3ms)[0m  [1m[34mSELECT "schema_migrations"."version" FROM "schema_migrations" ORDER BY "schema_migrations"."version" ASC /*application='MetaversoSimulados'*/[0m
Started GET "/up" for 172.18.0.1 at 2026-10-04 02:04:16 +0000
Cannot render console from 172.18.0.1! Allowed networks: 127.0.0.0/127.255.255.255, ::1, ::ffff:127.0.0.0/::ffff:127.255.255.255
  [1m[36mActiveRecord::SchemaMigration Load (0.6ms)[0m  [1m[34mSELECT "schema_migrations"."version" FROM "schema_migrations" ORDER BY "schema_migrations"."version" ASC /*application='MetaversoSimulados'*/[0m
Processing by Rails::HealthController#show as HTML
  Rendering html template
  Rendered html template (Duration: 0.0ms | GC: 0.0ms)
Completed 200 OK in 165ms (Views: 67.4ms | ActiveRecord: 0.0ms (0 queries, 0 cached) | GC: 0.0ms)


Started GET "/exams/new" for 172.18.0.1 at 2026-10-04 02:04:24 +0000
Cannot render console from 172.18.0.1! Allowed networks: 127.0.0.0/127.255.255.255, ::1, ::ffff:127.0.0.0/::ffff:127.255.255.255
Processing by ExamsController#new as HTML
  Rendering layout layouts/application.html.erb
  Rendering exams/new.html.erb within layouts/application
  Rendered shared/_errors.html.erb (Duration: 3.9ms | GC: 0.0ms)
  [1m[36mClassroom Load (0.6ms)[0m  [1m[34mSELECT "classrooms".* FROM "classrooms" ORDER BY "classrooms"."school_year" DESC, "classrooms"."name" ASC /*action='new',application='MetaversoSimulados',controller='exams'*/[0m
  ↳ app/views/exams/_form.html.erb:21
  [1m[36mSubject Load (0.5ms)[0m  [1m[34mSELECT "subjects".* FROM "subjects" ORDER BY "subjects"."name" ASC /*action='new',application='MetaversoSimulados',controller='exams'*/[0m
  ↳ app/views/exams/_exam_subject_fields.html.erb:9
  Rendered exams/_exam_subject_fields.html.erb (Duration: 32.3ms | GC: 0.0ms)
  Rendered exams/_exam_subject_fields.html.erb (Duration: 0.8ms | GC: 0.0ms)
  Rendered exams/_form.html.erb (Duration: 367.0ms | GC: 0.0ms)
  Rendered exams/new.html.erb within layouts/application (Duration: 381.4ms | GC: 0.0ms)
  Rendered layout layouts/application.html.erb (Duration: 538.0ms | GC: 0.0ms)
Completed 200 OK in 993ms (Views: 549.5ms | ActiveRecord: 14.4ms (2 queries, 0 cached) | GC: 0.0ms)


Started POST "/exams" for 172.18.0.1 at 2026-10-04 02:04:50 +0000
Cannot render console from 172.18.0.1! Allowed networks: 127.0.0.0/127.255.255.255, ::1, ::ffff:127.0.0.0/::ffff:127.255.255.255
Processing by ExamsController#create as TURBO_STREAM
  Parameters: {"authenticity_token" => "[FILTERED]", "exam" => {"title" => "Simulado teste", "applied_on" => "2026-10-03", "classroom_ids" => ["", "1"], "options_count" => "5", "exam_subjects_attributes" => {"0" => {"_destroy" => "false", "position" => "0", "subject_id" => "3", "questions_count" => "8", "points_per_question" => "0.75"}, "1791079473377" => {"_destroy" => "false", "position" => "1", "subject_id" => "2", "questions_count" => "5", "points_per_question" => "1"}}}, "commit" => "Criar simulado e preencher gabarito"}
  [1m[36mClassroom Load (0.4ms)[0m  [1m[34mSELECT "classrooms".* FROM "classrooms" WHERE "classrooms"."id" = 1 /*action='create',application='MetaversoSimulados',controller='exams'*/[0m
  ↳ app/controllers/exams_controller.rb:21:in 'ExamsController#create'
  [1m[36mTRANSACTION (0.2ms)[0m  [1m[35mBEGIN /*action='create',application='MetaversoSimulados',controller='exams'*/[0m
  ↳ app/controllers/exams_controller.rb:22:in 'ExamsController#create'
  [1m[36mSubject Load (2.3ms)[0m  [1m[34mSELECT "subjects".* FROM "subjects" WHERE "subjects"."id" = 3 LIMIT 1 /*action='create',application='MetaversoSimulados',controller='exams'*/[0m
  ↳ app/controllers/exams_controller.rb:22:in 'ExamsController#create'
  [1m[36mSubject Load (0.2ms)[0m  [1m[34mSELECT "subjects".* FROM "subjects" WHERE "subjects"."id" = 2 LIMIT 1 /*action='create',application='MetaversoSimulados',controller='exams'*/[0m
  ↳ app/controllers/exams_controller.rb:22:in 'ExamsController#create'
  [1m[36mExam Create (0.3ms)[0m  [1m[32mINSERT INTO "exams" ("title", "applied_on", "options_count", "created_at", "updated_at") VALUES ('Simulado teste', '2026-10-03', 5, '2026-10-04 02:04:50.708660', '2026-10-04 02:04:50.708660') RETURNING "id" /*action='create',application='MetaversoSimulados',controller='exams'*/[0m
  ↳ app/controllers/exams_controller.rb:22:in 'ExamsController#create'
  [1m[36mExamClassroom Create (0.5ms)[0m  [1m[32mINSERT INTO "exam_classrooms" ("exam_id", "classroom_id", "created_at", "updated_at") VALUES (2, 1, '2026-10-04 02:04:50.711564', '2026-10-04 02:04:50.711564') RETURNING "id" /*action='create',application='MetaversoSimulados',controller='exams'*/[0m
  ↳ app/controllers/exams_controller.rb:22:in 'ExamsController#create'
  [1m[36mExamSubject Create (0.4ms)[0m  [1m[32mINSERT INTO "exam_subjects" ("exam_id", "subject_id", "position", "questions_count", "points_per_question", "created_at", "updated_at") VALUES (2, 3, 0, 8, 0.75, '2026-10-04 02:04:50.714311', '2026-10-04 02:04:50.714311') RETURNING "id" /*action='create',application='MetaversoSimulados',controller='exams'*/[0m
  ↳ app/controllers/exams_controller.rb:22:in 'ExamsController#create'
  [1m[36mExamSubject Create (0.3ms)[0m  [1m[32mINSERT INTO "exam_subjects" ("exam_id", "subject_id", "position", "questions_count", "points_per_question", "created_at", "updated_at") VALUES (2, 2, 1, 5, 1.0, '2026-10-04 02:04:50.716852', '2026-10-04 02:04:50.716852') RETURNING "id" /*action='create',application='MetaversoSimulados',controller='exams'*/[0m
  ↳ app/controllers/exams_controller.rb:22:in 'ExamsController#create'
  [1m[36mExamQuestion Load (0.4ms)[0m  [1m[34mSELECT "exam_questions".* FROM "exam_questions" WHERE "exam_questions"."exam_id" = 2 ORDER BY "exam_questions"."number" ASC /*action='create',application='MetaversoSimulados',controller='exams'*/[0m
  ↳ app/models/exam.rb:47:in 'block in Exam#sync_questions!'
  [1m[36mExamQuestion Update All (0.5ms)[0m  [1m[33mUPDATE "exam_questions" SET number = -number WHERE ("exam_questions"."id") IN (SELECT "exam_questions"."id" FROM "exam_questions" WHERE "exam_questions"."exam_id" = 2 ORDER BY "exam_questions"."number" ASC) /*action='create',application='MetaversoSimulados',controller='exams'*/[0m
  ↳ app/models/exam.rb:49:in 'block in Exam#sync_questions!'
  [1m[36mExamSubject Load (0.3ms)[0m  [1m[34mSELECT "exam_subjects".* FROM "exam_subjects" WHERE "exam_subjects"."exam_id" = 2 ORDER BY "exam_subjects"."position" ASC, "exam_subjects"."id" ASC /*action='create',application='MetaversoSimulados',controller='exams'*/[0m
  ↳ app/models/exam.rb:52:in 'block in Exam#sync_questions!'
  [1m[36mExamQuestion Create (0.4ms)[0m  [1m[32mINSERT INTO "exam_questions" ("exam_id", "exam_subject_id", "number", "correct_option", "annulled", "created_at", "updated_at") VALUES (2, 3, 1, NULL, FALSE, '2026-10-04 02:04:50.746940', '2026-10-04 02:04:50.746940') RETURNING "id" /*action='create',application='MetaversoSimulados',controller='exams'*/[0m
  ↳ app/models/exam.rb:61:in 'block (3 levels) in Exam#sync_questions!'
  [1m[36mExamQuestion Create (0.3ms)[0m  [1m[32mINSERT INTO "exam_questions" ("exam_id", "exam_subject_id", "number", "correct_option", "annulled", "created_at", "updated_at") VALUES (2, 3, 2, NULL, FALSE, '2026-10-04 02:04:50.750058', '2026-10-04 02:04:50.750058') RETURNING "id" /*action='create',application='MetaversoSimulados',controller='exams'*/[0m
  ↳ app/models/exam.rb:61:in 'block (3 levels) in Exam#sync_questions!'
  [1m[36mExamQuestion Create (0.2ms)[0m  [1m[32mINSERT INTO "exam_questions" ("exam_id", "exam_subject_id", "number", "correct_option", "annulled", "created_at", "updated_at") VALUES (2, 3, 3, NULL, FALSE, '2026-10-04 02:04:50.752577', '2026-10-04 02:04:50.752577') RETURNING "id" /*action='create',application='MetaversoSimulados',controller='exams'*/[0m
  ↳ app/models/exam.rb:61:in 'block (3 levels) in Exam#sync_questions!'
  [1m[36mExamQuestion Create (0.3ms)[0m  [1m[32mINSERT INTO "exam_questions" ("exam_id", "exam_subject_id", "number", "correct_option", "annulled", "created_at", "updated_at") VALUES (2, 3, 4, NULL, FALSE, '2026-10-04 02:04:50.754957', '2026-10-04 02:04:50.754957') RETURNING "id" /*action='create',application='MetaversoSimulados',controller='exams'*/[0m
  ↳ app/models/exam.rb:61:in 'block (3 levels) in Exam#sync_questions!'
  [1m[36mExamQuestion Create (0.2ms)[0m  [1m[32mINSERT INTO "exam_questions" ("exam_id", "exam_subject_id", "number", "correct_option", "annulled", "created_at", "updated_at") VALUES (2, 3, 5, NULL, FALSE, '2026-10-04 02:04:50.757123', '2026-10-04 02:04:50.757123') RETURNING "id" /*action='create',application='MetaversoSimulados',controller='exams'*/[0m
  ↳ app/models/exam.rb:61:in 'block (3 levels) in Exam#sync_questions!'
  [1m[36mExamQuestion Create (0.3ms)[0m  [1m[32mINSERT INTO "exam_questions" ("exam_id", "exam_subject_id", "number", "correct_option", "annulled", "created_at", "updated_at") VALUES (2, 3, 6, NULL, FALSE, '2026-10-04 02:04:50.759283', '2026-10-04 02:04:50.759283') RETURNING "id" /*action='create',application='MetaversoSimulados',controller='exams'*/[0m
  ↳ app/models/exam.rb:61:in 'block (3 levels) in Exam#sync_questions!'
  [1m[36mExamQuestion Create (0.4ms)[0m  [1m[32mINSERT INTO "exam_questions" ("exam_id", "exam_subject_id", "number", "correct_option", "annulled", "created_at", "updated_at") VALUES (2, 3, 7, NULL, FALSE, '2026-10-04 02:04:50.762114', '2026-10-04 02:04:50.762114') RETURNING "id" /*action='create',application='MetaversoSimulados',controller='exams'*/[0m
  ↳ app/models/exam.rb:61:in 'block (3 levels) in Exam#sync_questions!'
  [1m[36mExamQuestion Create (0.3ms)[0m  [1m[32mINSERT INTO "exam_questions" ("exam_id", "exam_subject_id", "number", "correct_option", "annulled", "created_at", "updated_at") VALUES (2, 3, 8, NULL, FALSE, '2026-10-04 02:04:50.764861', '2026-10-04 02:04:50.764861') RETURNING "id" /*action='create',application='MetaversoSimulados',controller='exams'*/[0m
  ↳ app/models/exam.rb:61:in 'block (3 levels) in Exam#sync_questions!'
  [1m[36mExamQuestion Create (0.3ms)[0m  [1m[32mINSERT INTO "exam_questions" ("exam_id", "exam_subject_id", "number", "correct_option", "annulled", "created_at", "updated_at") VALUES (2, 4, 9, NULL, FALSE, '2026-10-04 02:04:50.767449', '2026-10-04 02:04:50.767449') RETURNING "id" /*action='create',application='MetaversoSimulados',controller='exams'*/[0m
  ↳ app/models/exam.rb:61:in 'block (3 levels) in Exam#sync_questions!'
  [1m[36mExamQuestion Create (0.2ms)[0m  [1m[32mINSERT INTO "exam_questions" ("exam_id", "exam_subject_id", "number", "correct_option", "annulled", "created_at", "updated_at") VALUES (2, 4, 10, NULL, FALSE, '2026-10-04 02:04:50.769795', '2026-10-04 02:04:50.769795') RETURNING "id" /*action='create',application='MetaversoSimulados',controller='exams'*/[0m
  ↳ app/models/exam.rb:61:in 'block (3 levels) in Exam#sync_questions!'
  [1m[36mExamQuestion Create (0.6ms)[0m  [1m[32mINSERT INTO "exam_questions" ("exam_id", "exam_subject_id", "number", "correct_option", "annulled", "created_at", "updated_at") VALUES (2, 4, 11, NULL, FALSE, '2026-10-04 02:04:50.792645', '2026-10-04 02:04:50.792645') RETURNING "id" /*action='create',application='MetaversoSimulados',controller='exams'*/[0m
  ↳ app/models/exam.rb:61:in 'block (3 levels) in Exam#sync_questions!'
  [1m[36mExamQuestion Create (0.3ms)[0m  [1m[32mINSERT INTO "exam_questions" ("exam_id", "exam_subject_id", "number", "correct_option", "annulled", "created_at", "updated_at") VALUES (2, 4, 12, NULL, FALSE, '2026-10-04 02:04:50.795720', '2026-10-04 02:04:50.795720') RETURNING "id" /*action='create',application='MetaversoSimulados',controller='exams'*/[0m
  ↳ app/models/exam.rb:61:in 'block (3 levels) in Exam#sync_questions!'
  [1m[36mExamQuestion Create (0.2ms)[0m  [1m[32mINSERT INTO "exam_questions" ("exam_id", "exam_subject_id", "number", "correct_option", "annulled", "created_at", "updated_at") VALUES (2, 4, 13, NULL, FALSE, '2026-10-04 02:04:50.797948', '2026-10-04 02:04:50.797948') RETURNING "id" /*action='create',application='MetaversoSimulados',controller='exams'*/[0m
  ↳ app/models/exam.rb:61:in 'block (3 levels) in Exam#sync_questions!'
  [1m[36mTRANSACTION (79.3ms)[0m  [1m[35mCOMMIT /*action='create',application='MetaversoSimulados',controller='exams'*/[0m
  ↳ app/controllers/exams_controller.rb:22:in 'ExamsController#create'
Redirected to http://localhost:3000/exams/2/answer_key/edit
↳ app/controllers/exams_controller.rb:23:in 'ExamsController#create'
Completed 302 Found in 316ms (ActiveRecord: 90.6ms (23 queries, 0 cached) | GC: 20.3ms)


Started GET "/exams/2/answer_key/edit" for 172.18.0.1 at 2026-10-04 02:04:50 +0000
Cannot render console from 172.18.0.1! Allowed networks: 127.0.0.0/127.255.255.255, ::1, ::ffff:127.0.0.0/::ffff:127.255.255.255
Processing by AnswerKeysController#edit as TURBO_STREAM
  Parameters: {"exam_id" => "2"}
  [1m[36mExam Load (0.4ms)[0m  [1m[34mSELECT "exams".* FROM "exams" WHERE "exams"."id" = 2 LIMIT 1 /*action='edit',application='MetaversoSimulados',controller='answer_keys'*/[0m
  ↳ app/controllers/answer_keys_controller.rb:23:in 'AnswerKeysController#set_exam'
  [1m[36mExamQuestion Load (0.3ms)[0m  [1m[34mSELECT "exam_questions".* FROM "exam_questions" WHERE "exam_questions"."exam_id" = 2 ORDER BY "exam_questions"."number" ASC /*action='edit',application='MetaversoSimulados',controller='answer_keys'*/[0m
  ↳ app/controllers/answer_keys_controller.rb:5:in 'Enumerable#group_by'
  [1m[36mExamSubject Load (0.3ms)[0m  [1m[34mSELECT "exam_subjects".* FROM "exam_subjects" WHERE "exam_subjects"."id" IN (3, 4) /*action='edit',application='MetaversoSimulados',controller='answer_keys'*/[0m
  ↳ app/controllers/answer_keys_controller.rb:5:in 'Enumerable#group_by'
  [1m[36mSubject Load (0.2ms)[0m  [1m[34mSELECT "subjects".* FROM "subjects" WHERE "subjects"."id" IN (3, 2) /*action='edit',application='MetaversoSimulados',controller='answer_keys'*/[0m
  ↳ app/controllers/answer_keys_controller.rb:5:in 'Enumerable#group_by'
  Rendering layout layouts/application.html.erb
  Rendering answer_keys/edit.html.erb within layouts/application
  Rendered shared/_page_header.html.erb (Duration: 3.5ms | GC: 0.0ms)
  Rendered answer_keys/edit.html.erb within layouts/application (Duration: 45.5ms | GC: 0.6ms)
  Rendered layout layouts/application.html.erb (Duration: 60.5ms | GC: 1.1ms)
Completed 200 OK in 147ms (Views: 64.7ms | ActiveRecord: 1.3ms (4 queries, 0 cached) | GC: 1.7ms)


Started GET "/exams/2/answer_key/edit" for 172.18.0.1 at 2026-10-04 02:04:52 +0000
Cannot render console from 172.18.0.1! Allowed networks: 127.0.0.0/127.255.255.255, ::1, ::ffff:127.0.0.0/::ffff:127.255.255.255
Processing by AnswerKeysController#edit as HTML
  Parameters: {"exam_id" => "2"}
  [1m[36mExam Load (0.4ms)[0m  [1m[34mSELECT "exams".* FROM "exams" WHERE "exams"."id" = 2 LIMIT 1 /*action='edit',application='MetaversoSimulados',controller='answer_keys'*/[0m
  ↳ app/controllers/answer_keys_controller.rb:23:in 'AnswerKeysController#set_exam'
  [1m[36mExamQuestion Load (0.3ms)[0m  [1m[34mSELECT "exam_questions".* FROM "exam_questions" WHERE "exam_questions"."exam_id" = 2 ORDER BY "exam_questions"."number" ASC /*action='edit',application='MetaversoSimulados',controller='answer_keys'*/[0m
  ↳ app/controllers/answer_keys_controller.rb:5:in 'Enumerable#group_by'
  [1m[36mExamSubject Load (0.2ms)[0m  [1m[34mSELECT "exam_subjects".* FROM "exam_subjects" WHERE "exam_subjects"."id" IN (3, 4) /*action='edit',application='MetaversoSimulados',controller='answer_keys'*/[0m
  ↳ app/controllers/answer_keys_controller.rb:5:in 'Enumerable#group_by'
  [1m[36mSubject Load (0.4ms)[0m  [1m[34mSELECT "subjects".* FROM "subjects" WHERE "subjects"."id" IN (3, 2) /*action='edit',application='MetaversoSimulados',controller='answer_keys'*/[0m
  ↳ app/controllers/answer_keys_controller.rb:5:in 'Enumerable#group_by'
  Rendering layout layouts/application.html.erb
  Rendering answer_keys/edit.html.erb within layouts/application
  Rendered shared/_page_header.html.erb (Duration: 0.2ms | GC: 0.0ms)
  Rendered answer_keys/edit.html.erb within layouts/application (Duration: 2.8ms | GC: 0.0ms)
  Rendered layout layouts/application.html.erb (Duration: 4.2ms | GC: 0.0ms)
Completed 200 OK in 68ms (Views: 5.3ms | ActiveRecord: 1.4ms (4 queries, 0 cached) | GC: 0.8ms)


Started GET "/favicon.ico" for 172.18.0.1 at 2026-10-04 02:04:52 +0000
Cannot render console from 172.18.0.1! Allowed networks: 127.0.0.0/127.255.255.255, ::1, ::ffff:127.0.0.0/::ffff:127.255.255.255
  
ActionController::RoutingError (No route matches [GET] "/favicon.ico"):
  
Started PATCH "/exams/2/answer_key" for 172.18.0.1 at 2026-10-04 02:04:57 +0000
Cannot render console from 172.18.0.1! Allowed networks: 127.0.0.0/127.255.255.255, ::1, ::ffff:127.0.0.0/::ffff:127.255.255.255
Processing by AnswerKeysController#update as TURBO_STREAM
  Parameters: {"authenticity_token" => "[FILTERED]", "questions" => {"21" => {"correct_option" => "A", "annulled" => "1"}, "22" => {"correct_option" => "B", "annulled" => "0"}, "23" => {"correct_option" => "C", "annulled" => "0"}, "24" => {"correct_option" => "D", "annulled" => "0"}, "25" => {"correct_option" => "E", "annulled" => "0"}, "26" => {"correct_option" => "A", "annulled" => "0"}, "27" => {"correct_option" => "B", "annulled" => "0"}, "28" => {"correct_option" => "C", "annulled" => "0"}, "29" => {"correct_option" => "D", "annulled" => "0"}, "30" => {"correct_option" => "E", "annulled" => "0"}, "31" => {"correct_option" => "A", "annulled" => "0"}, "32" => {"correct_option" => "B", "annulled" => "0"}, "33" => {"correct_option" => "C", "annulled" => "0"}}, "commit" => "Salvar gabarito", "exam_id" => "2"}
  [1m[36mExam Load (0.5ms)[0m  [1m[34mSELECT "exams".* FROM "exams" WHERE "exams"."id" = 2 LIMIT 1 /*action='update',application='MetaversoSimulados',controller='answer_keys'*/[0m
  ↳ app/controllers/answer_keys_controller.rb:23:in 'AnswerKeysController#set_exam'
  [1m[36mTRANSACTION (0.2ms)[0m  [1m[35mBEGIN /*action='update',application='MetaversoSimulados',controller='answer_keys'*/[0m
  ↳ app/controllers/answer_keys_controller.rb:11:in 'block (2 levels) in AnswerKeysController#update'
  [1m[36mExamQuestion Load (2.4ms)[0m  [1m[34mSELECT "exam_questions".* FROM "exam_questions" WHERE "exam_questions"."exam_id" = 2 AND "exam_questions"."id" = 21 ORDER BY "exam_questions"."number" ASC LIMIT 1 /*action='update',application='MetaversoSimulados',controller='answer_keys'*/[0m
  ↳ app/controllers/answer_keys_controller.rb:11:in 'block (2 levels) in AnswerKeysController#update'
  [1m[36mExamQuestion Update (0.3ms)[0m  [1m[33mUPDATE "exam_questions" SET "correct_option" = 'A', "annulled" = TRUE, "updated_at" = '2026-10-04 02:04:57.602500' WHERE "exam_questions"."id" = 21 /*action='update',application='MetaversoSimulados',controller='answer_keys'*/[0m
  ↳ app/controllers/answer_keys_controller.rb:11:in 'block (2 levels) in AnswerKeysController#update'
  [1m[36mExamQuestion Load (0.3ms)[0m  [1m[34mSELECT "exam_questions".* FROM "exam_questions" WHERE "exam_questions"."exam_id" = 2 AND "exam_questions"."id" = 22 ORDER BY "exam_questions"."number" ASC LIMIT 1 /*action='update',application='MetaversoSimulados',controller='answer_keys'*/[0m
  ↳ app/controllers/answer_keys_controller.rb:11:in 'block (2 levels) in AnswerKeysController#update'
  [1m[36mExamQuestion Update (0.2ms)[0m  [1m[33mUPDATE "exam_questions" SET "correct_option" = 'B', "updated_at" = '2026-10-04 02:04:57.607204' WHERE "exam_questions"."id" = 22 /*action='update',application='MetaversoSimulados',controller='answer_keys'*/[0m
  ↳ app/controllers/answer_keys_controller.rb:11:in 'block (2 levels) in AnswerKeysController#update'
  [1m[36mExamQuestion Load (0.2ms)[0m  [1m[34mSELECT "exam_questions".* FROM "exam_questions" WHERE "exam_questions"."exam_id" = 2 AND "exam_questions"."id" = 23 ORDER BY "exam_questions"."number" ASC LIMIT 1 /*action='update',application='MetaversoSimulados',controller='answer_keys'*/[0m
  ↳ app/controllers/answer_keys_controller.rb:11:in 'block (2 levels) in AnswerKeysController#update'
  [1m[36mExamQuestion Update (0.2ms)[0m  [1m[33mUPDATE "exam_questions" SET "correct_option" = 'C', "updated_at" = '2026-10-04 02:04:57.611176' WHERE "exam_questions"."id" = 23 /*action='update',application='MetaversoSimulados',controller='answer_keys'*/[0m
  ↳ app/controllers/answer_keys_controller.rb:11:in 'block (2 levels) in AnswerKeysController#update'
  [1m[36mExamQuestion Load (0.2ms)[0m  [1m[34mSELECT "exam_questions".* FROM "exam_questions" WHERE "exam_questions"."exam_id" = 2 AND "exam_questions"."id" = 24 ORDER BY "exam_questions"."number" ASC LIMIT 1 /*action='update',application='MetaversoSimulados',controller='answer_keys'*/[0m
  ↳ app/controllers/answer_keys_controller.rb:11:in 'block (2 levels) in AnswerKeysController#update'
  [1m[36mExamQuestion Update (0.2ms)[0m  [1m[33mUPDATE "exam_questions" SET "correct_option" = 'D', "updated_at" = '2026-10-04 02:04:57.614939' WHERE "exam_questions"."id" = 24 /*action='update',application='MetaversoSimulados',controller='answer_keys'*/[0m
  ↳ app/controllers/answer_keys_controller.rb:11:in 'block (2 levels) in AnswerKeysController#update'
  [1m[36mExamQuestion Load (0.2ms)[0m  [1m[34mSELECT "exam_questions".* FROM "exam_questions" WHERE "exam_questions"."exam_id" = 2 AND "exam_questions"."id" = 25 ORDER BY "exam_questions"."number" ASC LIMIT 1 /*action='update',application='MetaversoSimulados',controller='answer_keys'*/[0m
  ↳ app/controllers/answer_keys_controller.rb:11:in 'block (2 levels) in AnswerKeysController#update'
  [1m[36mExamQuestion Update (0.2ms)[0m  [1m[33mUPDATE "exam_questions" SET "correct_option" = 'E', "updated_at" = '2026-10-04 02:04:57.618602' WHERE "exam_questions"."id" = 25 /*action='update',application='MetaversoSimulados',controller='answer_keys'*/[0m
  ↳ app/controllers/answer_keys_controller.rb:11:in 'block (2 levels) in AnswerKeysController#update'
  [1m[36mExamQuestion Load (0.2ms)[0m  [1m[34mSELECT "exam_questions".* FROM "exam_questions" WHERE "exam_questions"."exam_id" = 2 AND "exam_questions"."id" = 26 ORDER BY "exam_questions"."number" ASC LIMIT 1 /*action='update',application='MetaversoSimulados',controller='answer_keys'*/[0m
  ↳ app/controllers/answer_keys_controller.rb:11:in 'block (2 levels) in AnswerKeysController#update'
  [1m[36mExamQuestion Update (0.2ms)[0m  [1m[33mUPDATE "exam_questions" SET "correct_option" = 'A', "updated_at" = '2026-10-04 02:04:57.622445' WHERE "exam_questions"."id" = 26 /*action='update',application='MetaversoSimulados',controller='answer_keys'*/[0m
  ↳ app/controllers/answer_keys_controller.rb:11:in 'block (2 levels) in AnswerKeysController#update'
  [1m[36mExamQuestion Load (0.2ms)[0m  [1m[34mSELECT "exam_questions".* FROM "exam_questions" WHERE "exam_questions"."exam_id" = 2 AND "exam_questions"."id" = 27 ORDER BY "exam_questions"."number" ASC LIMIT 1 /*action='update',application='MetaversoSimulados',controller='answer_keys'*/[0m
  ↳ app/controllers/answer_keys_controller.rb:11:in 'block (2 levels) in AnswerKeysController#update'
  [1m[36mExamQuestion Update (0.3ms)[0m  [1m[33mUPDATE "exam_questions" SET "correct_option" = 'B', "updated_at" = '2026-10-04 02:04:57.626077' WHERE "exam_questions"."id" = 27 /*action='update',application='MetaversoSimulados',controller='answer_keys'*/[0m
  ↳ app/controllers/answer_keys_controller.rb:11:in 'block (2 levels) in AnswerKeysController#update'
  [1m[36mExamQuestion Load (0.3ms)[0m  [1m[34mSELECT "exam_questions".* FROM "exam_questions" WHERE "exam_questions"."exam_id" = 2 AND "exam_questions"."id" = 28 ORDER BY "exam_questions"."number" ASC LIMIT 1 /*action='update',application='MetaversoSimulados',controller='answer_keys'*/[0m
  ↳ app/controllers/answer_keys_controller.rb:11:in 'block (2 levels) in AnswerKeysController#update'
  [1m[36mExamQuestion Update (0.2ms)[0m  [1m[33mUPDATE "exam_questions" SET "correct_option" = 'C', "updated_at" = '2026-10-04 02:04:57.629960' WHERE "exam_questions"."id" = 28 /*action='update',application='MetaversoSimulados',controller='answer_keys'*/[0m
  ↳ app/controllers/answer_keys_controller.rb:11:in 'block (2 levels) in AnswerKeysController#update'
  [1m[36mExamQuestion Load (0.2ms)[0m  [1m[34mSELECT "exam_questions".* FROM "exam_questions" WHERE "exam_questions"."exam_id" = 2 AND "exam_questions"."id" = 29 ORDER BY "exam_questions"."number" ASC LIMIT 1 /*action='update',application='MetaversoSimulados',controller='answer_keys'*/[0m
  ↳ app/controllers/answer_keys_controller.rb:11:in 'block (2 levels) in AnswerKeysController#update'
  [1m[36mExamQuestion Update (0.2ms)[0m  [1m[33mUPDATE "exam_questions" SET "correct_option" = 'D', "updated_at" = '2026-10-04 02:04:57.633665' WHERE "exam_questions"."id" = 29 /*action='update',application='MetaversoSimulados',controller='answer_keys'*/[0m
  ↳ app/controllers/answer_keys_controller.rb:11:in 'block (2 levels) in AnswerKeysController#update'
  [1m[36mExamQuestion Load (0.2ms)[0m  [1m[34mSELECT "exam_questions".* FROM "exam_questions" WHERE "exam_questions"."exam_id" = 2 AND "exam_questions"."id" = 30 ORDER BY "exam_questions"."number" ASC LIMIT 1 /*action='update',application='MetaversoSimulados',controller='answer_keys'*/[0m
  ↳ app/controllers/answer_keys_controller.rb:11:in 'block (2 levels) in AnswerKeysController#update'
  [1m[36mExamQuestion Update (0.2ms)[0m  [1m[33mUPDATE "exam_questions" SET "correct_option" = 'E', "updated_at" = '2026-10-04 02:04:57.637116' WHERE "exam_questions"."id" = 30 /*action='update',application='MetaversoSimulados',controller='answer_keys'*/[0m
  ↳ app/controllers/answer_keys_controller.rb:11:in 'block (2 levels) in AnswerKeysController#update'
  [1m[36mExamQuestion Load (0.2ms)[0m  [1m[34mSELECT "exam_questions".* FROM "exam_questions" WHERE "exam_questions"."exam_id" = 2 AND "exam_questions"."id" = 31 ORDER BY "exam_questions"."number" ASC LIMIT 1 /*action='update',application='MetaversoSimulados',controller='answer_keys'*/[0m
  ↳ app/controllers/answer_keys_controller.rb:11:in 'block (2 levels) in AnswerKeysController#update'
  [1m[36mExamQuestion Update (0.2ms)[0m  [1m[33mUPDATE "exam_questions" SET "correct_option" = 'A', "updated_at" = '2026-10-04 02:04:57.640830' WHERE "exam_questions"."id" = 31 /*action='update',application='MetaversoSimulados',controller='answer_keys'*/[0m
  ↳ app/controllers/answer_keys_controller.rb:11:in 'block (2 levels) in AnswerKeysController#update'
  [1m[36mExamQuestion Load (0.4ms)[0m  [1m[34mSELECT "exam_questions".* FROM "exam_questions" WHERE "exam_questions"."exam_id" = 2 AND "exam_questions"."id" = 32 ORDER BY "exam_questions"."number" ASC LIMIT 1 /*action='update',application='MetaversoSimulados',controller='answer_keys'*/[0m
  ↳ app/controllers/answer_keys_controller.rb:11:in 'block (2 levels) in AnswerKeysController#update'
  [1m[36mExamQuestion Update (0.3ms)[0m  [1m[33mUPDATE "exam_questions" SET "correct_option" = 'B', "updated_at" = '2026-10-04 02:04:57.645203' WHERE "exam_questions"."id" = 32 /*action='update',application='MetaversoSimulados',controller='answer_keys'*/[0m
  ↳ app/controllers/answer_keys_controller.rb:11:in 'block (2 levels) in AnswerKeysController#update'
  [1m[36mExamQuestion Load (0.2ms)[0m  [1m[34mSELECT "exam_questions".* FROM "exam_questions" WHERE "exam_questions"."exam_id" = 2 AND "exam_questions"."id" = 33 ORDER BY "exam_questions"."number" ASC LIMIT 1 /*action='update',application='MetaversoSimulados',controller='answer_keys'*/[0m
  ↳ app/controllers/answer_keys_controller.rb:11:in 'block (2 levels) in AnswerKeysController#update'
  [1m[36mExamQuestion Update (0.2ms)[0m  [1m[33mUPDATE "exam_questions" SET "correct_option" = 'C', "updated_at" = '2026-10-04 02:04:57.649342' WHERE "exam_questions"."id" = 33 /*action='update',application='MetaversoSimulados',controller='answer_keys'*/[0m
  ↳ app/controllers/answer_keys_controller.rb:11:in 'block (2 levels) in AnswerKeysController#update'
  [1m[36mTRANSACTION (25.6ms)[0m  [1m[35mCOMMIT /*action='update',application='MetaversoSimulados',controller='answer_keys'*/[0m
  ↳ app/controllers/answer_keys_controller.rb:9:in 'AnswerKeysController#update'
Redirected to http://localhost:3000/exams/2
↳ app/controllers/answer_keys_controller.rb:17:in 'AnswerKeysController#update'
Completed 302 Found in 140ms (ActiveRecord: 34.3ms (27 queries, 0 cached) | GC: 0.6ms)


Started GET "/exams/2" for 172.18.0.1 at 2026-10-04 02:04:57 +0000
Cannot render console from 172.18.0.1! Allowed networks: 127.0.0.0/127.255.255.255, ::1, ::ffff:127.0.0.0/::ffff:127.255.255.255
Processing by ExamsController#show as TURBO_STREAM
  Parameters: {"id" => "2"}
  [1m[36mExam Load (0.5ms)[0m  [1m[34mSELECT "exams".* FROM "exams" WHERE "exams"."id" = 2 LIMIT 1 /*action='show',application='MetaversoSimulados',controller='exams'*/[0m
  ↳ app/controllers/exams_controller.rb:45:in 'ExamsController#set_exam'
  Rendering layout layouts/application.html.erb
  Rendering exams/show.html.erb within layouts/application
  [1m[36mClassroom Load (0.5ms)[0m  [1m[34mSELECT "classrooms".* FROM "classrooms" INNER JOIN "exam_classrooms" ON "classrooms"."id" = "exam_classrooms"."classroom_id" WHERE "exam_classrooms"."exam_id" = 2 /*action='show',application='MetaversoSimulados',controller='exams'*/[0m
  ↳ app/views/exams/show.html.erb:3:in 'Enumerable#map'
  Rendered shared/_page_header.html.erb (Duration: 0.8ms | GC: 0.0ms)
  [1m[36mExamQuestion Exists? (0.3ms)[0m  [1m[34mSELECT 1 AS one FROM "exam_questions" WHERE "exam_questions"."exam_id" = 2 AND "exam_questions"."correct_option" IS NULL AND "exam_questions"."annulled" = FALSE LIMIT 1 /*action='show',application='MetaversoSimulados',controller='exams'*/[0m
  ↳ app/models/exam.rb:32:in 'Exam#answer_key_complete?'
  [1m[36mExamSubject Load (0.3ms)[0m  [1m[34mSELECT "exam_subjects".* FROM "exam_subjects" WHERE "exam_subjects"."exam_id" = 2 ORDER BY "exam_subjects"."position" ASC, "exam_subjects"."id" ASC /*action='show',application='MetaversoSimulados',controller='exams'*/[0m
  ↳ app/views/exams/show.html.erb:28
  [1m[36mSubject Load (0.2ms)[0m  [1m[34mSELECT "subjects".* FROM "subjects" WHERE "subjects"."id" IN (3, 2) /*action='show',application='MetaversoSimulados',controller='exams'*/[0m
  ↳ app/views/exams/show.html.erb:28
  [1m[36mExamQuestion Load (0.3ms)[0m  [1m[34mSELECT "exam_questions".* FROM "exam_questions" WHERE "exam_questions"."exam_subject_id" IN (3, 4) ORDER BY "exam_questions"."number" ASC /*action='show',application='MetaversoSimulados',controller='exams'*/[0m
  ↳ app/views/exams/show.html.erb:28
  [1m[36mCACHE ExamSubject Load (0.0ms)[0m  [1m[34mSELECT "exam_subjects".* FROM "exam_subjects" WHERE "exam_subjects"."exam_id" = 2 ORDER BY "exam_subjects"."position" ASC, "exam_subjects"."id" ASC[0m
  ↳ app/models/exam.rb:24:in 'Exam#total_questions'
  Rendered exams/show.html.erb within layouts/application (Duration: 28.1ms | GC: 0.0ms)
  Rendered layout layouts/application.html.erb (Duration: 29.8ms | GC: 0.0ms)
Completed 200 OK in 96ms (Views: 29.4ms | ActiveRecord: 2.1ms (7 queries, 1 cached) | GC: 0.0ms)


Started GET "/favicon.ico" for 172.18.0.1 at 2026-10-04 02:04:58 +0000
Cannot render console from 172.18.0.1! Allowed networks: 127.0.0.0/127.255.255.255, ::1, ::ffff:127.0.0.0/::ffff:127.255.255.255
  
ActionController::RoutingError (No route matches [GET] "/favicon.ico"):
  
Started GET "/" for 172.18.0.1 at 2026-10-04 02:05:10 +0000
Cannot render console from 172.18.0.1! Allowed networks: 127.0.0.0/127.255.255.255, ::1, ::ffff:127.0.0.0/::ffff:127.255.255.255
Processing by ExamsController#index as HTML
  Rendering layout layouts/application.html.erb
  Rendering exams/index.html.erb within layouts/application
  Rendered shared/_page_header.html.erb (Duration: 3.0ms | GC: 0.0ms)
  [1m[36mExam Exists? (0.4ms)[0m  [1m[34mSELECT 1 AS one FROM "exams" LIMIT 1 /*action='index',application='MetaversoSimulados',controller='exams'*/[0m
  ↳ app/views/exams/index.html.erb:7
  [1m[36mExam Load (0.4ms)[0m  [1m[34mSELECT "exams".* FROM "exams" ORDER BY "exams"."applied_on" DESC, "exams"."created_at" DESC /*action='index',application='MetaversoSimulados',controller='exams'*/[0m
  ↳ app/views/exams/index.html.erb:9
  [1m[36mExamClassroom Load (0.3ms)[0m  [1m[34mSELECT "exam_classrooms".* FROM "exam_classrooms" WHERE "exam_classrooms"."exam_id" IN (2, 1) /*action='index',application='MetaversoSimulados',controller='exams'*/[0m
  ↳ app/views/exams/index.html.erb:9
  [1m[36mClassroom Load (0.2ms)[0m  [1m[34mSELECT "classrooms".* FROM "classrooms" WHERE "classrooms"."id" = 1 /*action='index',application='MetaversoSimulados',controller='exams'*/[0m
  ↳ app/views/exams/index.html.erb:9
  [1m[36mExamSubject Load (0.2ms)[0m  [1m[34mSELECT "exam_subjects".* FROM "exam_subjects" WHERE "exam_subjects"."exam_id" IN (2, 1) ORDER BY "exam_subjects"."position" ASC, "exam_subjects"."id" ASC /*action='index',application='MetaversoSimulados',controller='exams'*/[0m
  ↳ app/views/exams/index.html.erb:9
  [1m[36mSubject Load (0.2ms)[0m  [1m[34mSELECT "subjects".* FROM "subjects" WHERE "subjects"."id" IN (1, 3, 2) /*action='index',application='MetaversoSimulados',controller='exams'*/[0m
  ↳ app/views/exams/index.html.erb:9
  Rendered exams/index.html.erb within layouts/application (Duration: 23.1ms | GC: 0.0ms)
  Rendered layout layouts/application.html.erb (Duration: 25.0ms | GC: 0.0ms)
Completed 200 OK in 85ms (Views: 24.5ms | ActiveRecord: 1.7ms (6 queries, 0 cached) | GC: 0.0ms)


Started GET "/classrooms" for 172.18.0.1 at 2026-10-04 02:05:11 +0000
Cannot render console from 172.18.0.1! Allowed networks: 127.0.0.0/127.255.255.255, ::1, ::ffff:127.0.0.0/::ffff:127.255.255.255
Processing by ClassroomsController#index as HTML
  Rendering layout layouts/application.html.erb
  Rendering classrooms/index.html.erb within layouts/application
  Rendered shared/_page_header.html.erb (Duration: 0.2ms | GC: 0.0ms)
  [1m[36mClassroom Exists? (0.4ms)[0m  [1m[34mSELECT 1 AS one FROM "classrooms" LIMIT 1 /*action='index',application='MetaversoSimulados',controller='classrooms'*/[0m
  ↳ app/views/classrooms/index.html.erb:7
  [1m[36mClassroom Load (0.2ms)[0m  [1m[34mSELECT "classrooms".* FROM "classrooms" ORDER BY "classrooms"."school_year" DESC, "classrooms"."name" ASC /*action='index',application='MetaversoSimulados',controller='classrooms'*/[0m
  ↳ app/views/classrooms/index.html.erb:9
  [1m[36mStudent Load (0.3ms)[0m  [1m[34mSELECT "students".* FROM "students" WHERE "students"."classroom_id" = 1 ORDER BY "students"."name" ASC /*action='index',application='MetaversoSimulados',controller='classrooms'*/[0m
  ↳ app/views/classrooms/index.html.erb:9
  Rendered classrooms/index.html.erb within layouts/application (Duration: 27.4ms | GC: 0.0ms)
  Rendered layout layouts/application.html.erb (Duration: 29.3ms | GC: 0.0ms)
Completed 200 OK in 95ms (Views: 30.9ms | ActiveRecord: 2.4ms (3 queries, 0 cached) | GC: 0.0ms)


Started GET "/classrooms/1" for 172.18.0.1 at 2026-10-04 02:05:11 +0000
Cannot render console from 172.18.0.1! Allowed networks: 127.0.0.0/127.255.255.255, ::1, ::ffff:127.0.0.0/::ffff:127.255.255.255
Processing by ClassroomsController#show as HTML
  Parameters: {"id" => "1"}
  [1m[36mClassroom Load (0.4ms)[0m  [1m[34mSELECT "classrooms".* FROM "classrooms" WHERE "classrooms"."id" = 1 LIMIT 1 /*action='show',application='MetaversoSimulados',controller='classrooms'*/[0m
  ↳ app/controllers/classrooms_controller.rb:46:in 'ClassroomsController#set_classroom'
  Rendering layout layouts/application.html.erb
  Rendering classrooms/show.html.erb within layouts/application
  [1m[36mStudent Count (0.4ms)[0m  [1m[34mSELECT COUNT(*) FROM "students" WHERE "students"."classroom_id" = 1 /*action='show',application='MetaversoSimulados',controller='classrooms'*/[0m
  ↳ app/views/classrooms/show.html.erb:3
  Rendered shared/_page_header.html.erb (Duration: 0.7ms | GC: 0.0ms)
  [1m[36mStudent Exists? (0.4ms)[0m  [1m[34mSELECT 1 AS one FROM "students" WHERE "students"."classroom_id" = 1 LIMIT 1 /*action='show',application='MetaversoSimulados',controller='classrooms'*/[0m
  ↳ app/views/students/_table.html.erb:2
  [1m[36mStudent Load (0.2ms)[0m  [1m[34mSELECT "students".* FROM "students" WHERE "students"."classroom_id" = 1 ORDER BY "students"."name" ASC /*action='show',application='MetaversoSimulados',controller='classrooms'*/[0m
  ↳ app/views/students/_table.html.erb:13
  Rendered students/_table.html.erb (Duration: 7.7ms | GC: 0.0ms)
  Rendered classrooms/show.html.erb within layouts/application (Duration: 24.1ms | GC: 0.0ms)
  Rendered layout layouts/application.html.erb (Duration: 25.7ms | GC: 0.0ms)
Completed 200 OK in 92ms (Views: 25.9ms | ActiveRecord: 1.4ms (4 queries, 0 cached) | GC: 0.0ms)


Started GET "/students" for 172.18.0.1 at 2026-10-04 02:05:12 +0000
Cannot render console from 172.18.0.1! Allowed networks: 127.0.0.0/127.255.255.255, ::1, ::ffff:127.0.0.0/::ffff:127.255.255.255
Processing by StudentsController#index as HTML
  Rendering layout layouts/application.html.erb
  Rendering students/index.html.erb within layouts/application
  Rendered shared/_page_header.html.erb (Duration: 0.2ms | GC: 0.0ms)
  [1m[36mClassroom Load (0.4ms)[0m  [1m[34mSELECT "classrooms".* FROM "classrooms" ORDER BY "classrooms"."name" ASC /*action='index',application='MetaversoSimulados',controller='students'*/[0m
  ↳ app/views/students/index.html.erb:12
  [1m[36mStudent Exists? (0.2ms)[0m  [1m[34mSELECT 1 AS one FROM "students" LIMIT 1 /*action='index',application='MetaversoSimulados',controller='students'*/[0m
  ↳ app/views/students/_table.html.erb:2
  [1m[36mStudent Load (0.2ms)[0m  [1m[34mSELECT "students".* FROM "students" ORDER BY "students"."name" ASC /*action='index',application='MetaversoSimulados',controller='students'*/[0m
  ↳ app/views/students/_table.html.erb:13
  [1m[36mClassroom Load (0.2ms)[0m  [1m[34mSELECT "classrooms".* FROM "classrooms" WHERE "classrooms"."id" = 1 /*action='index',application='MetaversoSimulados',controller='students'*/[0m
  ↳ app/views/students/_table.html.erb:13
  Rendered students/_table.html.erb (Duration: 6.0ms | GC: 0.0ms)
  Rendered students/index.html.erb within layouts/application (Duration: 13.5ms | GC: 0.0ms)
  Rendered layout layouts/application.html.erb (Duration: 15.1ms | GC: 0.0ms)
Completed 200 OK in 79ms (Views: 18.2ms | ActiveRecord: 1.0ms (4 queries, 0 cached) | GC: 0.0ms)


Started GET "/students?q=an" for 172.18.0.1 at 2026-10-04 02:05:12 +0000
Cannot render console from 172.18.0.1! Allowed networks: 127.0.0.0/127.255.255.255, ::1, ::ffff:127.0.0.0/::ffff:127.255.255.255
Processing by StudentsController#index as HTML
  Parameters: {"q" => "an"}
  Rendering layout layouts/application.html.erb
  Rendering students/index.html.erb within layouts/application
  Rendered shared/_page_header.html.erb (Duration: 0.2ms | GC: 0.0ms)
  [1m[36mClassroom Load (0.4ms)[0m  [1m[34mSELECT "classrooms".* FROM "classrooms" ORDER BY "classrooms"."name" ASC /*action='index',application='MetaversoSimulados',controller='students'*/[0m
  ↳ app/views/students/index.html.erb:12
  [1m[36mStudent Exists? (0.4ms)[0m  [1m[34mSELECT 1 AS one FROM "students" WHERE (students.name ILIKE '%an%') LIMIT 1 /*action='index',application='MetaversoSimulados',controller='students'*/[0m
  ↳ app/views/students/_table.html.erb:2
  [1m[36mStudent Load (0.2ms)[0m  [1m[34mSELECT "students".* FROM "students" WHERE (students.name ILIKE '%an%') ORDER BY "students"."name" ASC /*action='index',application='MetaversoSimulados',controller='students'*/[0m
  ↳ app/views/students/_table.html.erb:13
  [1m[36mClassroom Load (0.2ms)[0m  [1m[34mSELECT "classrooms".* FROM "classrooms" WHERE "classrooms"."id" = 1 /*action='index',application='MetaversoSimulados',controller='students'*/[0m
  ↳ app/views/students/_table.html.erb:13
  Rendered students/_table.html.erb (Duration: 5.8ms | GC: 0.0ms)
  Rendered students/index.html.erb within layouts/application (Duration: 9.7ms | GC: 0.0ms)
  Rendered layout layouts/application.html.erb (Duration: 11.5ms | GC: 0.0ms)
Completed 200 OK in 67ms (Views: 11.4ms | ActiveRecord: 1.2ms (4 queries, 0 cached) | GC: 0.0ms)


Started GET "/students/1" for 172.18.0.1 at 2026-10-04 02:05:12 +0000
Cannot render console from 172.18.0.1! Allowed networks: 127.0.0.0/127.255.255.255, ::1, ::ffff:127.0.0.0/::ffff:127.255.255.255
Processing by StudentsController#show as HTML
  Parameters: {"id" => "1"}
  [1m[36mStudent Load (0.4ms)[0m  [1m[34mSELECT "students".* FROM "students" WHERE "students"."id" = 1 LIMIT 1 /*action='show',application='MetaversoSimulados',controller='students'*/[0m
  ↳ app/controllers/students_controller.rb:53:in 'StudentsController#set_student'
  Rendering layout layouts/application.html.erb
  Rendering students/show.html.erb within layouts/application
  [1m[36mClassroom Load (0.4ms)[0m  [1m[34mSELECT "classrooms".* FROM "classrooms" WHERE "classrooms"."id" = 1 LIMIT 1 /*action='show',application='MetaversoSimulados',controller='students'*/[0m
  ↳ app/views/students/show.html.erb:3
  Rendered shared/_page_header.html.erb (Duration: 0.7ms | GC: 0.0ms)
  Rendered students/show.html.erb within layouts/application (Duration: 16.1ms | GC: 8.3ms)
  Rendered layout layouts/application.html.erb (Duration: 17.5ms | GC: 8.3ms)
Completed 200 OK in 82ms (Views: 18.2ms | ActiveRecord: 0.8ms (2 queries, 0 cached) | GC: 8.3ms)


Started GET "/students/new" for 172.18.0.1 at 2026-10-04 02:05:13 +0000
Cannot render console from 172.18.0.1! Allowed networks: 127.0.0.0/127.255.255.255, ::1, ::ffff:127.0.0.0/::ffff:127.255.255.255
Processing by StudentsController#new as HTML
  Rendering layout layouts/application.html.erb
  Rendering students/new.html.erb within layouts/application
  Rendered shared/_errors.html.erb (Duration: 0.0ms | GC: 0.0ms)
  [1m[36mClassroom Load (0.4ms)[0m  [1m[34mSELECT "classrooms".* FROM "classrooms" ORDER BY "classrooms"."name" ASC /*action='new',application='MetaversoSimulados',controller='students'*/[0m
  ↳ app/views/students/_form.html.erb:15
  Rendered students/_form.html.erb (Duration: 7.7ms | GC: 0.0ms)
  Rendered students/new.html.erb within layouts/application (Duration: 21.0ms | GC: 0.5ms)
  Rendered layout layouts/application.html.erb (Duration: 22.6ms | GC: 0.5ms)
Completed 200 OK in 87ms (Views: 23.7ms | ActiveRecord: 0.4ms (1 query, 0 cached) | GC: 0.5ms)


Started GET "/subjects" for 172.18.0.1 at 2026-10-04 02:05:13 +0000
Cannot render console from 172.18.0.1! Allowed networks: 127.0.0.0/127.255.255.255, ::1, ::ffff:127.0.0.0/::ffff:127.255.255.255
Processing by SubjectsController#index as HTML
  Rendering layout layouts/application.html.erb
  Rendering subjects/index.html.erb within layouts/application
  Rendered shared/_page_header.html.erb (Duration: 0.0ms | GC: 0.0ms)
  [1m[36mSubject Exists? (0.4ms)[0m  [1m[34mSELECT 1 AS one FROM "subjects" LIMIT 1 /*action='index',application='MetaversoSimulados',controller='subjects'*/[0m
  ↳ app/views/subjects/index.html.erb:13
  [1m[36mSubject Load (0.3ms)[0m  [1m[34mSELECT "subjects".* FROM "subjects" ORDER BY "subjects"."name" ASC /*action='index',application='MetaversoSimulados',controller='subjects'*/[0m
  ↳ app/views/subjects/index.html.erb:15
  Rendered subjects/_subject.html.erb (Duration: 3.8ms | GC: 0.0ms)
  Rendered subjects/_subject.html.erb (Duration: 0.4ms | GC: 0.0ms)
  Rendered subjects/_subject.html.erb (Duration: 1.1ms | GC: 0.7ms)
  Rendered subjects/_subject.html.erb (Duration: 0.3ms | GC: 0.0ms)
  Rendered subjects/_subject.html.erb (Duration: 0.2ms | GC: 0.0ms)
  Rendered subjects/_subject.html.erb (Duration: 0.2ms | GC: 0.0ms)
  Rendered subjects/index.html.erb within layouts/application (Duration: 31.8ms | GC: 0.7ms)
  Rendered layout layouts/application.html.erb (Duration: 33.6ms | GC: 0.7ms)
Completed 200 OK in 98ms (Views: 36.9ms | ActiveRecord: 0.7ms (2 queries, 0 cached) | GC: 0.7ms)


Started GET "/subjects/1/edit" for 172.18.0.1 at 2026-10-04 02:05:13 +0000
Cannot render console from 172.18.0.1! Allowed networks: 127.0.0.0/127.255.255.255, ::1, ::ffff:127.0.0.0/::ffff:127.255.255.255
Processing by SubjectsController#edit as HTML
  Parameters: {"id" => "1"}
  [1m[36mSubject Load (0.4ms)[0m  [1m[34mSELECT "subjects".* FROM "subjects" WHERE "subjects"."id" = 1 LIMIT 1 /*action='edit',application='MetaversoSimulados',controller='subjects'*/[0m
  ↳ app/controllers/subjects_controller.rb:45:in 'SubjectsController#set_subject'
  Rendering layout layouts/application.html.erb
  Rendering subjects/edit.html.erb within layouts/application
  Rendered subjects/edit.html.erb within layouts/application (Duration: 4.6ms | GC: 0.7ms)
  Rendered layout layouts/application.html.erb (Duration: 6.5ms | GC: 0.7ms)
Completed 200 OK in 71ms (Views: 7.7ms | ActiveRecord: 0.4ms (1 query, 0 cached) | GC: 0.7ms)


Started GET "/exams/1" for 172.18.0.1 at 2026-10-04 02:05:14 +0000
Cannot render console from 172.18.0.1! Allowed networks: 127.0.0.0/127.255.255.255, ::1, ::ffff:127.0.0.0/::ffff:127.255.255.255
Processing by ExamsController#show as HTML
  Parameters: {"id" => "1"}
  [1m[36mExam Load (0.4ms)[0m  [1m[34mSELECT "exams".* FROM "exams" WHERE "exams"."id" = 1 LIMIT 1 /*action='show',application='MetaversoSimulados',controller='exams'*/[0m
  ↳ app/controllers/exams_controller.rb:45:in 'ExamsController#set_exam'
  Rendering layout layouts/application.html.erb
  Rendering exams/show.html.erb within layouts/application
  [1m[36mClassroom Load (0.3ms)[0m  [1m[34mSELECT "classrooms".* FROM "classrooms" INNER JOIN "exam_classrooms" ON "classrooms"."id" = "exam_classrooms"."classroom_id" WHERE "exam_classrooms"."exam_id" = 1 /*action='show',application='MetaversoSimulados',controller='exams'*/[0m
  ↳ app/views/exams/show.html.erb:3:in 'Enumerable#map'
  Rendered shared/_page_header.html.erb (Duration: 0.6ms | GC: 0.0ms)
  [1m[36mExamQuestion Exists? (0.3ms)[0m  [1m[34mSELECT 1 AS one FROM "exam_questions" WHERE "exam_questions"."exam_id" = 1 AND "exam_questions"."correct_option" IS NULL AND "exam_questions"."annulled" = FALSE LIMIT 1 /*action='show',application='MetaversoSimulados',controller='exams'*/[0m
  ↳ app/models/exam.rb:32:in 'Exam#answer_key_complete?'
  [1m[36mExamSubject Load (0.3ms)[0m  [1m[34mSELECT "exam_subjects".* FROM "exam_subjects" WHERE "exam_subjects"."exam_id" = 1 ORDER BY "exam_subjects"."position" ASC, "exam_subjects"."id" ASC /*action='show',application='MetaversoSimulados',controller='exams'*/[0m
  ↳ app/views/exams/show.html.erb:28
  [1m[36mSubject Load (0.2ms)[0m  [1m[34mSELECT "subjects".* FROM "subjects" WHERE "subjects"."id" IN (1, 2) /*action='show',application='MetaversoSimulados',controller='exams'*/[0m
  ↳ app/views/exams/show.html.erb:28
  [1m[36mExamQuestion Load (0.3ms)[0m  [1m[34mSELECT "exam_questions".* FROM "exam_questions" WHERE "exam_questions"."exam_subject_id" IN (1, 2) ORDER BY "exam_questions"."number" ASC /*action='show',application='MetaversoSimulados',controller='exams'*/[0m
  ↳ app/views/exams/show.html.erb:28
  [1m[36mCACHE ExamSubject Load (0.0ms)[0m  [1m[34mSELECT "exam_subjects".* FROM "exam_subjects" WHERE "exam_subjects"."exam_id" = 1 ORDER BY "exam_subjects"."position" ASC, "exam_subjects"."id" ASC[0m
  ↳ app/models/exam.rb:24:in 'Exam#total_questions'
  Rendered exams/show.html.erb within layouts/application (Duration: 15.8ms | GC: 0.3ms)
  Rendered layout layouts/application.html.erb (Duration: 17.4ms | GC: 0.3ms)
Completed 200 OK in 73ms (Views: 17.1ms | ActiveRecord: 1.8ms (7 queries, 1 cached) | GC: 0.3ms)


Started GET "/exams/1/edit" for 172.18.0.1 at 2026-10-04 02:05:14 +0000
Cannot render console from 172.18.0.1! Allowed networks: 127.0.0.0/127.255.255.255, ::1, ::ffff:127.0.0.0/::ffff:127.255.255.255
Processing by ExamsController#edit as HTML
  Parameters: {"id" => "1"}
  [1m[36mExam Load (0.4ms)[0m  [1m[34mSELECT "exams".* FROM "exams" WHERE "exams"."id" = 1 LIMIT 1 /*action='edit',application='MetaversoSimulados',controller='exams'*/[0m
  ↳ app/controllers/exams_controller.rb:45:in 'ExamsController#set_exam'
  Rendering layout layouts/application.html.erb
  Rendering exams/edit.html.erb within layouts/application
  Rendered shared/_errors.html.erb (Duration: 0.0ms | GC: 0.0ms)
  [1m[36mClassroom Load (0.3ms)[0m  [1m[34mSELECT "classrooms".* FROM "classrooms" ORDER BY "classrooms"."school_year" DESC, "classrooms"."name" ASC /*action='edit',application='MetaversoSimulados',controller='exams'*/[0m
  ↳ app/views/exams/_form.html.erb:21
  [1m[36mClassroom Pluck (0.4ms)[0m  [1m[34mSELECT "classrooms"."id" FROM "classrooms" INNER JOIN "exam_classrooms" ON "classrooms"."id" = "exam_classrooms"."classroom_id" WHERE "exam_classrooms"."exam_id" = 1 /*action='edit',application='MetaversoSimulados',controller='exams'*/[0m
  ↳ app/views/exams/_form.html.erb:22
  [1m[36mExamSubject Load (0.3ms)[0m  [1m[34mSELECT "exam_subjects".* FROM "exam_subjects" WHERE "exam_subjects"."exam_id" = 1 ORDER BY "exam_subjects"."position" ASC, "exam_subjects"."id" ASC /*action='edit',application='MetaversoSimulados',controller='exams'*/[0m
  ↳ app/views/exams/_form.html.erb:50
  [1m[36mSubject Load (0.2ms)[0m  [1m[34mSELECT "subjects".* FROM "subjects" ORDER BY "subjects"."name" ASC /*action='edit',application='MetaversoSimulados',controller='exams'*/[0m
  ↳ app/views/exams/_exam_subject_fields.html.erb:9
  Rendered exams/_exam_subject_fields.html.erb (Duration: 2.6ms | GC: 0.2ms)
  Rendered exams/_exam_subject_fields.html.erb (Duration: 0.4ms | GC: 0.0ms)
  Rendered exams/_exam_subject_fields.html.erb (Duration: 0.4ms | GC: 0.0ms)
  Rendered exams/_form.html.erb (Duration: 13.7ms | GC: 0.2ms)
  Rendered exams/edit.html.erb within layouts/application (Duration: 17.4ms | GC: 0.2ms)
  Rendered layout layouts/application.html.erb (Duration: 19.0ms | GC: 0.2ms)
Completed 200 OK in 84ms (Views: 19.1ms | ActiveRecord: 1.6ms (5 queries, 0 cached) | GC: 0.4ms)


Started GET "/classrooms/new" for 172.18.0.1 at 2026-10-04 02:05:14 +0000
Cannot render console from 172.18.0.1! Allowed networks: 127.0.0.0/127.255.255.255, ::1, ::ffff:127.0.0.0/::ffff:127.255.255.255
Processing by ClassroomsController#new as HTML
  Rendering layout layouts/application.html.erb
  Rendering classrooms/new.html.erb within layouts/application
  Rendered shared/_errors.html.erb (Duration: 0.0ms | GC: 0.0ms)
  Rendered classrooms/_form.html.erb (Duration: 5.3ms | GC: 0.2ms)
  Rendered classrooms/new.html.erb within layouts/application (Duration: 17.3ms | GC: 0.2ms)
  Rendered layout layouts/application.html.erb (Duration: 18.8ms | GC: 0.2ms)
Completed 200 OK in 89ms (Views: 20.1ms | ActiveRecord: 0.0ms (0 queries, 0 cached) | GC: 0.2ms)


Started GET "/" for 172.18.0.1 at 2026-10-04 02:06:16 +0000
Cannot render console from 172.18.0.1! Allowed networks: 127.0.0.0/127.255.255.255, ::1, ::ffff:127.0.0.0/::ffff:127.255.255.255
Processing by ExamsController#index as HTML
  Rendering layout layouts/application.html.erb
  Rendering exams/index.html.erb within layouts/application
  Rendered shared/_page_header.html.erb (Duration: 0.1ms | GC: 0.0ms)
  [1m[36mExam Exists? (0.4ms)[0m  [1m[34mSELECT 1 AS one FROM "exams" LIMIT 1 /*action='index',application='MetaversoSimulados',controller='exams'*/[0m
  ↳ app/views/exams/index.html.erb:7
  [1m[36mExam Load (0.2ms)[0m  [1m[34mSELECT "exams".* FROM "exams" ORDER BY "exams"."applied_on" DESC, "exams"."created_at" DESC /*action='index',application='MetaversoSimulados',controller='exams'*/[0m
  ↳ app/views/exams/index.html.erb:9
  [1m[36mExamClassroom Load (0.2ms)[0m  [1m[34mSELECT "exam_classrooms".* FROM "exam_classrooms" WHERE "exam_classrooms"."exam_id" IN (2, 1) /*action='index',application='MetaversoSimulados',controller='exams'*/[0m
  ↳ app/views/exams/index.html.erb:9
  [1m[36mClassroom Load (0.2ms)[0m  [1m[34mSELECT "classrooms".* FROM "classrooms" WHERE "classrooms"."id" = 1 /*action='index',application='MetaversoSimulados',controller='exams'*/[0m
  ↳ app/views/exams/index.html.erb:9
  [1m[36mExamSubject Load (0.2ms)[0m  [1m[34mSELECT "exam_subjects".* FROM "exam_subjects" WHERE "exam_subjects"."exam_id" IN (2, 1) ORDER BY "exam_subjects"."position" ASC, "exam_subjects"."id" ASC /*action='index',application='MetaversoSimulados',controller='exams'*/[0m
  ↳ app/views/exams/index.html.erb:9
  [1m[36mSubject Load (0.2ms)[0m  [1m[34mSELECT "subjects".* FROM "subjects" WHERE "subjects"."id" IN (1, 3, 2) /*action='index',application='MetaversoSimulados',controller='exams'*/[0m
  ↳ app/views/exams/index.html.erb:9
  Rendered exams/index.html.erb within layouts/application (Duration: 13.1ms | GC: 0.0ms)
  Rendered layout layouts/application.html.erb (Duration: 15.0ms | GC: 0.0ms)
Completed 200 OK in 66ms (Views: 14.7ms | ActiveRecord: 1.4ms (6 queries, 0 cached) | GC: 0.2ms)


Started GET "/exams/2" for 172.18.0.1 at 2026-10-04 02:06:18 +0000
Cannot render console from 172.18.0.1! Allowed networks: 127.0.0.0/127.255.255.255, ::1, ::ffff:127.0.0.0/::ffff:127.255.255.255
Processing by ExamsController#show as HTML
  Parameters: {"id" => "2"}
  [1m[36mExam Load (0.4ms)[0m  [1m[34mSELECT "exams".* FROM "exams" WHERE "exams"."id" = 2 LIMIT 1 /*action='show',application='MetaversoSimulados',controller='exams'*/[0m
  ↳ app/controllers/exams_controller.rb:45:in 'ExamsController#set_exam'
  Rendering layout layouts/application.html.erb
  Rendering exams/show.html.erb within layouts/application
  [1m[36mClassroom Load (0.5ms)[0m  [1m[34mSELECT "classrooms".* FROM "classrooms" INNER JOIN "exam_classrooms" ON "classrooms"."id" = "exam_classrooms"."classroom_id" WHERE "exam_classrooms"."exam_id" = 2 /*action='show',application='MetaversoSimulados',controller='exams'*/[0m
  ↳ app/views/exams/show.html.erb:3:in 'Enumerable#map'
  Rendered shared/_page_header.html.erb (Duration: 0.8ms | GC: 0.0ms)
  [1m[36mExamQuestion Exists? (0.3ms)[0m  [1m[34mSELECT 1 AS one FROM "exam_questions" WHERE "exam_questions"."exam_id" = 2 AND "exam_questions"."correct_option" IS NULL AND "exam_questions"."annulled" = FALSE LIMIT 1 /*action='show',application='MetaversoSimulados',controller='exams'*/[0m
  ↳ app/models/exam.rb:32:in 'Exam#answer_key_complete?'
  [1m[36mExamSubject Load (0.3ms)[0m  [1m[34mSELECT "exam_subjects".* FROM "exam_subjects" WHERE "exam_subjects"."exam_id" = 2 ORDER BY "exam_subjects"."position" ASC, "exam_subjects"."id" ASC /*action='show',application='MetaversoSimulados',controller='exams'*/[0m
  ↳ app/views/exams/show.html.erb:28
  [1m[36mSubject Load (0.2ms)[0m  [1m[34mSELECT "subjects".* FROM "subjects" WHERE "subjects"."id" IN (3, 2) /*action='show',application='MetaversoSimulados',controller='exams'*/[0m
  ↳ app/views/exams/show.html.erb:28
  [1m[36mExamQuestion Load (0.2ms)[0m  [1m[34mSELECT "exam_questions".* FROM "exam_questions" WHERE "exam_questions"."exam_subject_id" IN (3, 4) ORDER BY "exam_questions"."number" ASC /*action='show',application='MetaversoSimulados',controller='exams'*/[0m
  ↳ app/views/exams/show.html.erb:28
  [1m[36mCACHE ExamSubject Load (0.0ms)[0m  [1m[34mSELECT "exam_subjects".* FROM "exam_subjects" WHERE "exam_subjects"."exam_id" = 2 ORDER BY "exam_subjects"."position" ASC, "exam_subjects"."id" ASC[0m
  ↳ app/models/exam.rb:24:in 'Exam#total_questions'
  Rendered exams/show.html.erb within layouts/application (Duration: 15.3ms | GC: 0.3ms)
  Rendered layout layouts/application.html.erb (Duration: 17.0ms | GC: 0.3ms)
Completed 200 OK in 75ms (Views: 16.9ms | ActiveRecord: 1.9ms (7 queries, 1 cached) | GC: 0.6ms)


Started GET "/exams/1" for 172.18.0.1 at 2026-10-04 02:06:18 +0000
Cannot render console from 172.18.0.1! Allowed networks: 127.0.0.0/127.255.255.255, ::1, ::ffff:127.0.0.0/::ffff:127.255.255.255
Processing by ExamsController#show as HTML
  Parameters: {"id" => "1"}
  [1m[36mExam Load (0.4ms)[0m  [1m[34mSELECT "exams".* FROM "exams" WHERE "exams"."id" = 1 LIMIT 1 /*action='show',application='MetaversoSimulados',controller='exams'*/[0m
  ↳ app/controllers/exams_controller.rb:45:in 'ExamsController#set_exam'
  Rendering layout layouts/application.html.erb
  Rendering exams/show.html.erb within layouts/application
  [1m[36mClassroom Load (0.4ms)[0m  [1m[34mSELECT "classrooms".* FROM "classrooms" INNER JOIN "exam_classrooms" ON "classrooms"."id" = "exam_classrooms"."classroom_id" WHERE "exam_classrooms"."exam_id" = 1 /*action='show',application='MetaversoSimulados',controller='exams'*/[0m
  ↳ app/views/exams/show.html.erb:3:in 'Enumerable#map'
  Rendered shared/_page_header.html.erb (Duration: 0.7ms | GC: 0.0ms)
  [1m[36mExamQuestion Exists? (0.3ms)[0m  [1m[34mSELECT 1 AS one FROM "exam_questions" WHERE "exam_questions"."exam_id" = 1 AND "exam_questions"."correct_option" IS NULL AND "exam_questions"."annulled" = FALSE LIMIT 1 /*action='show',application='MetaversoSimulados',controller='exams'*/[0m
  ↳ app/models/exam.rb:32:in 'Exam#answer_key_complete?'
  [1m[36mExamSubject Load (0.3ms)[0m  [1m[34mSELECT "exam_subjects".* FROM "exam_subjects" WHERE "exam_subjects"."exam_id" = 1 ORDER BY "exam_subjects"."position" ASC, "exam_subjects"."id" ASC /*action='show',application='MetaversoSimulados',controller='exams'*/[0m
  ↳ app/views/exams/show.html.erb:28
  [1m[36mSubject Load (0.2ms)[0m  [1m[34mSELECT "subjects".* FROM "subjects" WHERE "subjects"."id" IN (1, 2) /*action='show',application='MetaversoSimulados',controller='exams'*/[0m
  ↳ app/views/exams/show.html.erb:28
  [1m[36mExamQuestion Load (0.3ms)[0m  [1m[34mSELECT "exam_questions".* FROM "exam_questions" WHERE "exam_questions"."exam_subject_id" IN (1, 2) ORDER BY "exam_questions"."number" ASC /*action='show',application='MetaversoSimulados',controller='exams'*/[0m
  ↳ app/views/exams/show.html.erb:28
  [1m[36mCACHE ExamSubject Load (0.0ms)[0m  [1m[34mSELECT "exam_subjects".* FROM "exam_subjects" WHERE "exam_subjects"."exam_id" = 1 ORDER BY "exam_subjects"."position" ASC, "exam_subjects"."id" ASC[0m
  ↳ app/models/exam.rb:24:in 'Exam#total_questions'
  Rendered exams/show.html.erb within layouts/application (Duration: 15.6ms | GC: 1.1ms)
  Rendered layout layouts/application.html.erb (Duration: 17.2ms | GC: 1.1ms)
Completed 200 OK in 75ms (Views: 16.8ms | ActiveRecord: 1.8ms (7 queries, 1 cached) | GC: 1.1ms)


Started GET "/exams/2" for 172.18.0.1 at 2026-10-04 02:06:18 +0000
Cannot render console from 172.18.0.1! Allowed networks: 127.0.0.0/127.255.255.255, ::1, ::ffff:127.0.0.0/::ffff:127.255.255.255
Processing by ExamsController#show as HTML
  Parameters: {"id" => "2"}
  [1m[36mExam Load (0.4ms)[0m  [1m[34mSELECT "exams".* FROM "exams" WHERE "exams"."id" = 2 LIMIT 1 /*action='show',application='MetaversoSimulados',controller='exams'*/[0m
  ↳ app/controllers/exams_controller.rb:45:in 'ExamsController#set_exam'
  Rendering layout layouts/application.html.erb
  Rendering exams/show.html.erb within layouts/application
  [1m[36mClassroom Load (0.3ms)[0m  [1m[34mSELECT "classrooms".* FROM "classrooms" INNER JOIN "exam_classrooms" ON "classrooms"."id" = "exam_classrooms"."classroom_id" WHERE "exam_classrooms"."exam_id" = 2 /*action='show',application='MetaversoSimulados',controller='exams'*/[0m
  ↳ app/views/exams/show.html.erb:3:in 'Enumerable#map'
  Rendered shared/_page_header.html.erb (Duration: 0.7ms | GC: 0.0ms)
  [1m[36mExamQuestion Exists? (0.2ms)[0m  [1m[34mSELECT 1 AS one FROM "exam_questions" WHERE "exam_questions"."exam_id" = 2 AND "exam_questions"."correct_option" IS NULL AND "exam_questions"."annulled" = FALSE LIMIT 1 /*action='show',application='MetaversoSimulados',controller='exams'*/[0m
  ↳ app/models/exam.rb:32:in 'Exam#answer_key_complete?'
  [1m[36mExamSubject Load (0.2ms)[0m  [1m[34mSELECT "exam_subjects".* FROM "exam_subjects" WHERE "exam_subjects"."exam_id" = 2 ORDER BY "exam_subjects"."position" ASC, "exam_subjects"."id" ASC /*action='show',application='MetaversoSimulados',controller='exams'*/[0m
  ↳ app/views/exams/show.html.erb:28
  [1m[36mSubject Load (0.2ms)[0m  [1m[34mSELECT "subjects".* FROM "subjects" WHERE "subjects"."id" IN (3, 2) /*action='show',application='MetaversoSimulados',controller='exams'*/[0m
  ↳ app/views/exams/show.html.erb:28
  [1m[36mExamQuestion Load (0.3ms)[0m  [1m[34mSELECT "exam_questions".* FROM "exam_questions" WHERE "exam_questions"."exam_subject_id" IN (3, 4) ORDER BY "exam_questions"."number" ASC /*action='show',application='MetaversoSimulados',controller='exams'*/[0m
  ↳ app/views/exams/show.html.erb:28
  [1m[36mCACHE ExamSubject Load (0.0ms)[0m  [1m[34mSELECT "exam_subjects".* FROM "exam_subjects" WHERE "exam_subjects"."exam_id" = 2 ORDER BY "exam_subjects"."position" ASC, "exam_subjects"."id" ASC[0m
  ↳ app/models/exam.rb:24:in 'Exam#total_questions'
  Rendered exams/show.html.erb within layouts/application (Duration: 13.3ms | GC: 0.0ms)
  Rendered layout layouts/application.html.erb (Duration: 14.8ms | GC: 0.0ms)
Completed 200 OK in 75ms (Views: 14.8ms | ActiveRecord: 1.6ms (7 queries, 1 cached) | GC: 0.0ms)


Started GET "/classrooms" for 172.18.0.1 at 2026-10-04 02:06:19 +0000
Cannot render console from 172.18.0.1! Allowed networks: 127.0.0.0/127.255.255.255, ::1, ::ffff:127.0.0.0/::ffff:127.255.255.255
Processing by ClassroomsController#index as HTML
  Rendering layout layouts/application.html.erb
  Rendering classrooms/index.html.erb within layouts/application
  Rendered shared/_page_header.html.erb (Duration: 0.2ms | GC: 0.0ms)
  [1m[36mClassroom Exists? (0.4ms)[0m  [1m[34mSELECT 1 AS one FROM "classrooms" LIMIT 1 /*action='index',application='MetaversoSimulados',controller='classrooms'*/[0m
  ↳ app/views/classrooms/index.html.erb:7
  [1m[36mClassroom Load (0.3ms)[0m  [1m[34mSELECT "classrooms".* FROM "classrooms" ORDER BY "classrooms"."school_year" DESC, "classrooms"."name" ASC /*action='index',application='MetaversoSimulados',controller='classrooms'*/[0m
  ↳ app/views/classrooms/index.html.erb:9
  [1m[36mStudent Load (0.3ms)[0m  [1m[34mSELECT "students".* FROM "students" WHERE "students"."classroom_id" = 1 ORDER BY "students"."name" ASC /*action='index',application='MetaversoSimulados',controller='classrooms'*/[0m
  ↳ app/views/classrooms/index.html.erb:9
  Rendered classrooms/index.html.erb within layouts/application (Duration: 6.7ms | GC: 0.0ms)
  Rendered layout layouts/application.html.erb (Duration: 8.8ms | GC: 0.0ms)
Completed 200 OK in 62ms (Views: 9.1ms | ActiveRecord: 0.9ms (3 queries, 0 cached) | GC: 0.0ms)


Started GET "/students" for 172.18.0.1 at 2026-10-04 02:06:20 +0000
Cannot render console from 172.18.0.1! Allowed networks: 127.0.0.0/127.255.255.255, ::1, ::ffff:127.0.0.0/::ffff:127.255.255.255
Processing by StudentsController#index as HTML
  Rendering layout layouts/application.html.erb
  Rendering students/index.html.erb within layouts/application
  Rendered shared/_page_header.html.erb (Duration: 0.2ms | GC: 0.0ms)
  [1m[36mClassroom Load (0.4ms)[0m  [1m[34mSELECT "classrooms".* FROM "classrooms" ORDER BY "classrooms"."name" ASC /*action='index',application='MetaversoSimulados',controller='students'*/[0m
  ↳ app/views/students/index.html.erb:12
  [1m[36mStudent Exists? (0.2ms)[0m  [1m[34mSELECT 1 AS one FROM "students" LIMIT 1 /*action='index',application='MetaversoSimulados',controller='students'*/[0m
  ↳ app/views/students/_table.html.erb:2
  [1m[36mStudent Load (0.2ms)[0m  [1m[34mSELECT "students".* FROM "students" ORDER BY "students"."name" ASC /*action='index',application='MetaversoSimulados',controller='students'*/[0m
  ↳ app/views/students/_table.html.erb:13
  [1m[36mClassroom Load (0.2ms)[0m  [1m[34mSELECT "classrooms".* FROM "classrooms" WHERE "classrooms"."id" = 1 /*action='index',application='MetaversoSimulados',controller='students'*/[0m
  ↳ app/views/students/_table.html.erb:13
  Rendered students/_table.html.erb (Duration: 5.4ms | GC: 0.0ms)
  Rendered students/index.html.erb within layouts/application (Duration: 9.0ms | GC: 0.0ms)
  Rendered layout layouts/application.html.erb (Duration: 11.0ms | GC: 0.0ms)
Completed 200 OK in 63ms (Views: 11.0ms | ActiveRecord: 1.1ms (4 queries, 0 cached) | GC: 0.0ms)


Started GET "/subjects" for 172.18.0.1 at 2026-10-04 02:06:21 +0000
Cannot render console from 172.18.0.1! Allowed networks: 127.0.0.0/127.255.255.255, ::1, ::ffff:127.0.0.0/::ffff:127.255.255.255
Processing by SubjectsController#index as HTML
  Rendering layout layouts/application.html.erb
  Rendering subjects/index.html.erb within layouts/application
  Rendered shared/_page_header.html.erb (Duration: 0.0ms | GC: 0.0ms)
  [1m[36mSubject Exists? (0.4ms)[0m  [1m[34mSELECT 1 AS one FROM "subjects" LIMIT 1 /*action='index',application='MetaversoSimulados',controller='subjects'*/[0m
  ↳ app/views/subjects/index.html.erb:13
  [1m[36mSubject Load (0.3ms)[0m  [1m[34mSELECT "subjects".* FROM "subjects" ORDER BY "subjects"."name" ASC /*action='index',application='MetaversoSimulados',controller='subjects'*/[0m
  ↳ app/views/subjects/index.html.erb:15
  Rendered subjects/_subject.html.erb (Duration: 0.4ms | GC: 0.0ms)
  Rendered subjects/_subject.html.erb (Duration: 0.2ms | GC: 0.0ms)
  Rendered subjects/_subject.html.erb (Duration: 0.3ms | GC: 0.0ms)
  Rendered subjects/_subject.html.erb (Duration: 0.2ms | GC: 0.0ms)
  Rendered subjects/_subject.html.erb (Duration: 0.2ms | GC: 0.0ms)
  Rendered subjects/_subject.html.erb (Duration: 0.2ms | GC: 0.0ms)
  Rendered subjects/index.html.erb within layouts/application (Duration: 9.5ms | GC: 0.0ms)
  Rendered layout layouts/application.html.erb (Duration: 10.9ms | GC: 0.0ms)
Completed 200 OK in 63ms (Views: 11.4ms | ActiveRecord: 0.6ms (2 queries, 0 cached) | GC: 0.0ms)


Started GET "/students" for 172.18.0.1 at 2026-10-04 02:06:22 +0000
Cannot render console from 172.18.0.1! Allowed networks: 127.0.0.0/127.255.255.255, ::1, ::ffff:127.0.0.0/::ffff:127.255.255.255
Processing by StudentsController#index as HTML
  Rendering layout layouts/application.html.erb
  Rendering students/index.html.erb within layouts/application
  Rendered shared/_page_header.html.erb (Duration: 0.2ms | GC: 0.0ms)
  [1m[36mClassroom Load (0.4ms)[0m  [1m[34mSELECT "classrooms".* FROM "classrooms" ORDER BY "classrooms"."name" ASC /*action='index',application='MetaversoSimulados',controller='students'*/[0m
  ↳ app/views/students/index.html.erb:12
  [1m[36mStudent Exists? (0.3ms)[0m  [1m[34mSELECT 1 AS one FROM "students" LIMIT 1 /*action='index',application='MetaversoSimulados',controller='students'*/[0m
  ↳ app/views/students/_table.html.erb:2
  [1m[36mStudent Load (0.2ms)[0m  [1m[34mSELECT "students".* FROM "students" ORDER BY "students"."name" ASC /*action='index',application='MetaversoSimulados',controller='students'*/[0m
  ↳ app/views/students/_table.html.erb:13
  [1m[36mClassroom Load (0.2ms)[0m  [1m[34mSELECT "classrooms".* FROM "classrooms" WHERE "classrooms"."id" = 1 /*action='index',application='MetaversoSimulados',controller='students'*/[0m
  ↳ app/views/students/_table.html.erb:13
  Rendered students/_table.html.erb (Duration: 5.1ms | GC: 0.0ms)
  Rendered students/index.html.erb within layouts/application (Duration: 8.7ms | GC: 0.0ms)
  Rendered layout layouts/application.html.erb (Duration: 10.6ms | GC: 0.0ms)
Completed 200 OK in 54ms (Views: 10.8ms | ActiveRecord: 1.0ms (4 queries, 0 cached) | GC: 0.0ms)


Started GET "/classrooms" for 172.18.0.1 at 2026-10-04 02:06:24 +0000
Cannot render console from 172.18.0.1! Allowed networks: 127.0.0.0/127.255.255.255, ::1, ::ffff:127.0.0.0/::ffff:127.255.255.255
Processing by ClassroomsController#index as HTML
  Rendering layout layouts/application.html.erb
  Rendering classrooms/index.html.erb within layouts/application
  Rendered shared/_page_header.html.erb (Duration: 0.2ms | GC: 0.0ms)
  [1m[36mClassroom Exists? (0.4ms)[0m  [1m[34mSELECT 1 AS one FROM "classrooms" LIMIT 1 /*action='index',application='MetaversoSimulados',controller='classrooms'*/[0m
  ↳ app/views/classrooms/index.html.erb:7
  [1m[36mClassroom Load (0.6ms)[0m  [1m[34mSELECT "classrooms".* FROM "classrooms" ORDER BY "classrooms"."school_year" DESC, "classrooms"."name" ASC /*action='index',application='MetaversoSimulados',controller='classrooms'*/[0m
  ↳ app/views/classrooms/index.html.erb:9
  [1m[36mStudent Load (0.3ms)[0m  [1m[34mSELECT "students".* FROM "students" WHERE "students"."classroom_id" = 1 ORDER BY "students"."name" ASC /*action='index',application='MetaversoSimulados',controller='classrooms'*/[0m
  ↳ app/views/classrooms/index.html.erb:9
  Rendered classrooms/index.html.erb within layouts/application (Duration: 13.0ms | GC: 4.6ms)
  Rendered layout layouts/application.html.erb (Duration: 15.7ms | GC: 4.6ms)
Completed 200 OK in 66ms (Views: 15.6ms | ActiveRecord: 1.3ms (3 queries, 0 cached) | GC: 4.6ms)


Started GET "/exams" for 172.18.0.1 at 2026-10-04 02:06:24 +0000
Cannot render console from 172.18.0.1! Allowed networks: 127.0.0.0/127.255.255.255, ::1, ::ffff:127.0.0.0/::ffff:127.255.255.255
Processing by ExamsController#index as HTML
  Rendering layout layouts/application.html.erb
  Rendering exams/index.html.erb within layouts/application
  Rendered shared/_page_header.html.erb (Duration: 0.2ms | GC: 0.0ms)
  [1m[36mExam Exists? (0.5ms)[0m  [1m[34mSELECT 1 AS one FROM "exams" LIMIT 1 /*action='index',application='MetaversoSimulados',controller='exams'*/[0m
  ↳ app/views/exams/index.html.erb:7
  [1m[36mExam Load (0.3ms)[0m  [1m[34mSELECT "exams".* FROM "exams" ORDER BY "exams"."applied_on" DESC, "exams"."created_at" DESC /*action='index',application='MetaversoSimulados',controller='exams'*/[0m
  ↳ app/views/exams/index.html.erb:9
  [1m[36mExamClassroom Load (0.3ms)[0m  [1m[34mSELECT "exam_classrooms".* FROM "exam_classrooms" WHERE "exam_classrooms"."exam_id" IN (2, 1) /*action='index',application='MetaversoSimulados',controller='exams'*/[0m
  ↳ app/views/exams/index.html.erb:9
  [1m[36mClassroom Load (0.2ms)[0m  [1m[34mSELECT "classrooms".* FROM "classrooms" WHERE "classrooms"."id" = 1 /*action='index',application='MetaversoSimulados',controller='exams'*/[0m
  ↳ app/views/exams/index.html.erb:9
  [1m[36mExamSubject Load (0.2ms)[0m  [1m[34mSELECT "exam_subjects".* FROM "exam_subjects" WHERE "exam_subjects"."exam_id" IN (2, 1) ORDER BY "exam_subjects"."position" ASC, "exam_subjects"."id" ASC /*action='index',application='MetaversoSimulados',controller='exams'*/[0m
  ↳ app/views/exams/index.html.erb:9
  [1m[36mSubject Load (0.2ms)[0m  [1m[34mSELECT "subjects".* FROM "subjects" WHERE "subjects"."id" IN (1, 3, 2) /*action='index',application='MetaversoSimulados',controller='exams'*/[0m
  ↳ app/views/exams/index.html.erb:9
  Rendered exams/index.html.erb within layouts/application (Duration: 15.6ms | GC: 0.8ms)
  Rendered layout layouts/application.html.erb (Duration: 18.1ms | GC: 1.5ms)
Completed 200 OK in 70ms (Views: 17.6ms | ActiveRecord: 1.7ms (6 queries, 0 cached) | GC: 1.5ms)


Started GET "/classrooms/1" for 172.18.0.1 at 2026-10-04 02:06:25 +0000
Cannot render console from 172.18.0.1! Allowed networks: 127.0.0.0/127.255.255.255, ::1, ::ffff:127.0.0.0/::ffff:127.255.255.255
Processing by ClassroomsController#show as HTML
  Parameters: {"id" => "1"}
  [1m[36mClassroom Load (0.4ms)[0m  [1m[34mSELECT "classrooms".* FROM "classrooms" WHERE "classrooms"."id" = 1 LIMIT 1 /*action='show',application='MetaversoSimulados',controller='classrooms'*/[0m
  ↳ app/controllers/classrooms_controller.rb:46:in 'ClassroomsController#set_classroom'
  Rendering layout layouts/application.html.erb
  Rendering classrooms/show.html.erb within layouts/application
  [1m[36mStudent Count (0.3ms)[0m  [1m[34mSELECT COUNT(*) FROM "students" WHERE "students"."classroom_id" = 1 /*action='show',application='MetaversoSimulados',controller='classrooms'*/[0m
  ↳ app/views/classrooms/show.html.erb:3
  Rendered shared/_page_header.html.erb (Duration: 0.7ms | GC: 0.0ms)
  [1m[36mStudent Exists? (0.2ms)[0m  [1m[34mSELECT 1 AS one FROM "students" WHERE "students"."classroom_id" = 1 LIMIT 1 /*action='show',application='MetaversoSimulados',controller='classrooms'*/[0m
  ↳ app/views/students/_table.html.erb:2
  [1m[36mStudent Load (0.2ms)[0m  [1m[34mSELECT "students".* FROM "students" WHERE "students"."classroom_id" = 1 ORDER BY "students"."name" ASC /*action='show',application='MetaversoSimulados',controller='classrooms'*/[0m
  ↳ app/views/students/_table.html.erb:13
  Rendered students/_table.html.erb (Duration: 4.3ms | GC: 0.6ms)
  Rendered classrooms/show.html.erb within layouts/application (Duration: 8.3ms | GC: 0.6ms)
  Rendered layout layouts/application.html.erb (Duration: 10.2ms | GC: 0.6ms)
Completed 200 OK in 64ms (Views: 10.6ms | ActiveRecord: 1.1ms (4 queries, 0 cached) | GC: 0.6ms)


Started GET "/exams" for 172.18.0.1 at 2026-10-04 02:06:25 +0000
Cannot render console from 172.18.0.1! Allowed networks: 127.0.0.0/127.255.255.255, ::1, ::ffff:127.0.0.0/::ffff:127.255.255.255
Processing by ExamsController#index as HTML
  Rendering layout layouts/application.html.erb
  Rendering exams/index.html.erb within layouts/application
  Rendered shared/_page_header.html.erb (Duration: 0.2ms | GC: 0.0ms)
  [1m[36mExam Exists? (0.5ms)[0m  [1m[34mSELECT 1 AS one FROM "exams" LIMIT 1 /*action='index',application='MetaversoSimulados',controller='exams'*/[0m
  ↳ app/views/exams/index.html.erb:7
  [1m[36mExam Load (0.2ms)[0m  [1m[34mSELECT "exams".* FROM "exams" ORDER BY "exams"."applied_on" DESC, "exams"."created_at" DESC /*action='index',application='MetaversoSimulados',controller='exams'*/[0m
  ↳ app/views/exams/index.html.erb:9
  [1m[36mExamClassroom Load (0.2ms)[0m  [1m[34mSELECT "exam_classrooms".* FROM "exam_classrooms" WHERE "exam_classrooms"."exam_id" IN (2, 1) /*action='index',application='MetaversoSimulados',controller='exams'*/[0m
  ↳ app/views/exams/index.html.erb:9
  [1m[36mClassroom Load (0.2ms)[0m  [1m[34mSELECT "classrooms".* FROM "classrooms" WHERE "classrooms"."id" = 1 /*action='index',application='MetaversoSimulados',controller='exams'*/[0m
  ↳ app/views/exams/index.html.erb:9
  [1m[36mExamSubject Load (0.2ms)[0m  [1m[34mSELECT "exam_subjects".* FROM "exam_subjects" WHERE "exam_subjects"."exam_id" IN (2, 1) ORDER BY "exam_subjects"."position" ASC, "exam_subjects"."id" ASC /*action='index',application='MetaversoSimulados',controller='exams'*/[0m
  ↳ app/views/exams/index.html.erb:9
  [1m[36mSubject Load (0.2ms)[0m  [1m[34mSELECT "subjects".* FROM "subjects" WHERE "subjects"."id" IN (1, 3, 2) /*action='index',application='MetaversoSimulados',controller='exams'*/[0m
  ↳ app/views/exams/index.html.erb:9
  Rendered exams/index.html.erb within layouts/application (Duration: 12.7ms | GC: 0.0ms)
  Rendered layout layouts/application.html.erb (Duration: 14.6ms | GC: 0.0ms)
Completed 200 OK in 69ms (Views: 15.0ms | ActiveRecord: 1.5ms (6 queries, 0 cached) | GC: 0.7ms)


Started GET "/exams/2" for 172.18.0.1 at 2026-10-04 02:06:26 +0000
Cannot render console from 172.18.0.1! Allowed networks: 127.0.0.0/127.255.255.255, ::1, ::ffff:127.0.0.0/::ffff:127.255.255.255
Processing by ExamsController#show as HTML
  Parameters: {"id" => "2"}
  [1m[36mExam Load (0.4ms)[0m  [1m[34mSELECT "exams".* FROM "exams" WHERE "exams"."id" = 2 LIMIT 1 /*action='show',application='MetaversoSimulados',controller='exams'*/[0m
  ↳ app/controllers/exams_controller.rb:45:in 'ExamsController#set_exam'
  Rendering layout layouts/application.html.erb
  Rendering exams/show.html.erb within layouts/application
  [1m[36mClassroom Load (0.3ms)[0m  [1m[34mSELECT "classrooms".* FROM "classrooms" INNER JOIN "exam_classrooms" ON "classrooms"."id" = "exam_classrooms"."classroom_id" WHERE "exam_classrooms"."exam_id" = 2 /*action='show',application='MetaversoSimulados',controller='exams'*/[0m
  ↳ app/views/exams/show.html.erb:3:in 'Enumerable#map'
  Rendered shared/_page_header.html.erb (Duration: 0.7ms | GC: 0.0ms)
  [1m[36mExamQuestion Exists? (0.2ms)[0m  [1m[34mSELECT 1 AS one FROM "exam_questions" WHERE "exam_questions"."exam_id" = 2 AND "exam_questions"."correct_option" IS NULL AND "exam_questions"."annulled" = FALSE LIMIT 1 /*action='show',application='MetaversoSimulados',controller='exams'*/[0m
  ↳ app/models/exam.rb:32:in 'Exam#answer_key_complete?'
  [1m[36mExamSubject Load (0.2ms)[0m  [1m[34mSELECT "exam_subjects".* FROM "exam_subjects" WHERE "exam_subjects"."exam_id" = 2 ORDER BY "exam_subjects"."position" ASC, "exam_subjects"."id" ASC /*action='show',application='MetaversoSimulados',controller='exams'*/[0m
  ↳ app/views/exams/show.html.erb:28
  [1m[36mSubject Load (0.2ms)[0m  [1m[34mSELECT "subjects".* FROM "subjects" WHERE "subjects"."id" IN (3, 2) /*action='show',application='MetaversoSimulados',controller='exams'*/[0m
  ↳ app/views/exams/show.html.erb:28
  [1m[36mExamQuestion Load (0.3ms)[0m  [1m[34mSELECT "exam_questions".* FROM "exam_questions" WHERE "exam_questions"."exam_subject_id" IN (3, 4) ORDER BY "exam_questions"."number" ASC /*action='show',application='MetaversoSimulados',controller='exams'*/[0m
  ↳ app/views/exams/show.html.erb:28
  [1m[36mCACHE ExamSubject Load (0.0ms)[0m  [1m[34mSELECT "exam_subjects".* FROM "exam_subjects" WHERE "exam_subjects"."exam_id" = 2 ORDER BY "exam_subjects"."position" ASC, "exam_subjects"."id" ASC[0m
  ↳ app/models/exam.rb:24:in 'Exam#total_questions'
  Rendered exams/show.html.erb within layouts/application (Duration: 14.3ms | GC: 0.5ms)
  Rendered layout layouts/application.html.erb (Duration: 16.1ms | GC: 0.5ms)
Completed 200 OK in 72ms (Views: 16.0ms | ActiveRecord: 1.7ms (7 queries, 1 cached) | GC: 0.5ms)


Started GET "/exams" for 172.18.0.1 at 2026-10-04 02:06:29 +0000
Cannot render console from 172.18.0.1! Allowed networks: 127.0.0.0/127.255.255.255, ::1, ::ffff:127.0.0.0/::ffff:127.255.255.255
Processing by ExamsController#index as HTML
  Rendering layout layouts/application.html.erb
  Rendering exams/index.html.erb within layouts/application
  Rendered shared/_page_header.html.erb (Duration: 0.2ms | GC: 0.0ms)
  [1m[36mExam Exists? (0.4ms)[0m  [1m[34mSELECT 1 AS one FROM "exams" LIMIT 1 /*action='index',application='MetaversoSimulados',controller='exams'*/[0m
  ↳ app/views/exams/index.html.erb:7
  [1m[36mExam Load (0.2ms)[0m  [1m[34mSELECT "exams".* FROM "exams" ORDER BY "exams"."applied_on" DESC, "exams"."created_at" DESC /*action='index',application='MetaversoSimulados',controller='exams'*/[0m
  ↳ app/views/exams/index.html.erb:9
  [1m[36mExamClassroom Load (0.3ms)[0m  [1m[34mSELECT "exam_classrooms".* FROM "exam_classrooms" WHERE "exam_classrooms"."exam_id" IN (2, 1) /*action='index',application='MetaversoSimulados',controller='exams'*/[0m
  ↳ app/views/exams/index.html.erb:9
  [1m[36mClassroom Load (0.2ms)[0m  [1m[34mSELECT "classrooms".* FROM "classrooms" WHERE "classrooms"."id" = 1 /*action='index',application='MetaversoSimulados',controller='exams'*/[0m
  ↳ app/views/exams/index.html.erb:9
  [1m[36mExamSubject Load (0.3ms)[0m  [1m[34mSELECT "exam_subjects".* FROM "exam_subjects" WHERE "exam_subjects"."exam_id" IN (2, 1) ORDER BY "exam_subjects"."position" ASC, "exam_subjects"."id" ASC /*action='index',application='MetaversoSimulados',controller='exams'*/[0m
  ↳ app/views/exams/index.html.erb:9
  [1m[36mSubject Load (0.2ms)[0m  [1m[34mSELECT "subjects".* FROM "subjects" WHERE "subjects"."id" IN (1, 3, 2) /*action='index',application='MetaversoSimulados',controller='exams'*/[0m
  ↳ app/views/exams/index.html.erb:9
  Rendered exams/index.html.erb within layouts/application (Duration: 14.2ms | GC: 0.3ms)
  Rendered layout layouts/application.html.erb (Duration: 16.1ms | GC: 0.3ms)
Completed 200 OK in 70ms (Views: 16.0ms | ActiveRecord: 1.6ms (6 queries, 0 cached) | GC: 0.3ms)


Started GET "/exams/1" for 172.18.0.1 at 2026-10-04 02:06:29 +0000
Cannot render console from 172.18.0.1! Allowed networks: 127.0.0.0/127.255.255.255, ::1, ::ffff:127.0.0.0/::ffff:127.255.255.255
Processing by ExamsController#show as HTML
  Parameters: {"id" => "1"}
  [1m[36mExam Load (0.4ms)[0m  [1m[34mSELECT "exams".* FROM "exams" WHERE "exams"."id" = 1 LIMIT 1 /*action='show',application='MetaversoSimulados',controller='exams'*/[0m
  ↳ app/controllers/exams_controller.rb:45:in 'ExamsController#set_exam'
  Rendering layout layouts/application.html.erb
  Rendering exams/show.html.erb within layouts/application
  [1m[36mClassroom Load (0.3ms)[0m  [1m[34mSELECT "classrooms".* FROM "classrooms" INNER JOIN "exam_classrooms" ON "classrooms"."id" = "exam_classrooms"."classroom_id" WHERE "exam_classrooms"."exam_id" = 1 /*action='show',application='MetaversoSimulados',controller='exams'*/[0m
  ↳ app/views/exams/show.html.erb:3:in 'Enumerable#map'
  Rendered shared/_page_header.html.erb (Duration: 0.6ms | GC: 0.0ms)
  [1m[36mExamQuestion Exists? (0.2ms)[0m  [1m[34mSELECT 1 AS one FROM "exam_questions" WHERE "exam_questions"."exam_id" = 1 AND "exam_questions"."correct_option" IS NULL AND "exam_questions"."annulled" = FALSE LIMIT 1 /*action='show',application='MetaversoSimulados',controller='exams'*/[0m
  ↳ app/models/exam.rb:32:in 'Exam#answer_key_complete?'
  [1m[36mExamSubject Load (0.2ms)[0m  [1m[34mSELECT "exam_subjects".* FROM "exam_subjects" WHERE "exam_subjects"."exam_id" = 1 ORDER BY "exam_subjects"."position" ASC, "exam_subjects"."id" ASC /*action='show',application='MetaversoSimulados',controller='exams'*/[0m
  ↳ app/views/exams/show.html.erb:28
  [1m[36mSubject Load (0.2ms)[0m  [1m[34mSELECT "subjects".* FROM "subjects" WHERE "subjects"."id" IN (1, 2) /*action='show',application='MetaversoSimulados',controller='exams'*/[0m
  ↳ app/views/exams/show.html.erb:28
  [1m[36mExamQuestion Load (0.2ms)[0m  [1m[34mSELECT "exam_questions".* FROM "exam_questions" WHERE "exam_questions"."exam_subject_id" IN (1, 2) ORDER BY "exam_questions"."number" ASC /*action='show',application='MetaversoSimulados',controller='exams'*/[0m
  ↳ app/views/exams/show.html.erb:28
  [1m[36mCACHE ExamSubject Load (0.0ms)[0m  [1m[34mSELECT "exam_subjects".* FROM "exam_subjects" WHERE "exam_subjects"."exam_id" = 1 ORDER BY "exam_subjects"."position" ASC, "exam_subjects"."id" ASC[0m
  ↳ app/models/exam.rb:24:in 'Exam#total_questions'
  Rendered exams/show.html.erb within layouts/application (Duration: 13.3ms | GC: 0.4ms)
  Rendered layout layouts/application.html.erb (Duration: 14.8ms | GC: 0.4ms)
Completed 200 OK in 58ms (Views: 14.8ms | ActiveRecord: 1.6ms (7 queries, 1 cached) | GC: 0.4ms)


Started GET "/exams" for 172.18.0.1 at 2026-10-04 02:06:31 +0000
Cannot render console from 172.18.0.1! Allowed networks: 127.0.0.0/127.255.255.255, ::1, ::ffff:127.0.0.0/::ffff:127.255.255.255
Processing by ExamsController#index as HTML
  Rendering layout layouts/application.html.erb
  Rendering exams/index.html.erb within layouts/application
  Rendered shared/_page_header.html.erb (Duration: 0.1ms | GC: 0.0ms)
  [1m[36mExam Exists? (0.4ms)[0m  [1m[34mSELECT 1 AS one FROM "exams" LIMIT 1 /*action='index',application='MetaversoSimulados',controller='exams'*/[0m
  ↳ app/views/exams/index.html.erb:7
  [1m[36mExam Load (0.2ms)[0m  [1m[34mSELECT "exams".* FROM "exams" ORDER BY "exams"."applied_on" DESC, "exams"."created_at" DESC /*action='index',application='MetaversoSimulados',controller='exams'*/[0m
  ↳ app/views/exams/index.html.erb:9
  [1m[36mExamClassroom Load (0.2ms)[0m  [1m[34mSELECT "exam_classrooms".* FROM "exam_classrooms" WHERE "exam_classrooms"."exam_id" IN (2, 1) /*action='index',application='MetaversoSimulados',controller='exams'*/[0m
  ↳ app/views/exams/index.html.erb:9
  [1m[36mClassroom Load (0.2ms)[0m  [1m[34mSELECT "classrooms".* FROM "classrooms" WHERE "classrooms"."id" = 1 /*action='index',application='MetaversoSimulados',controller='exams'*/[0m
  ↳ app/views/exams/index.html.erb:9
  [1m[36mExamSubject Load (0.2ms)[0m  [1m[34mSELECT "exam_subjects".* FROM "exam_subjects" WHERE "exam_subjects"."exam_id" IN (2, 1) ORDER BY "exam_subjects"."position" ASC, "exam_subjects"."id" ASC /*action='index',application='MetaversoSimulados',controller='exams'*/[0m
  ↳ app/views/exams/index.html.erb:9
  [1m[36mSubject Load (0.2ms)[0m  [1m[34mSELECT "subjects".* FROM "subjects" WHERE "subjects"."id" IN (1, 3, 2) /*action='index',application='MetaversoSimulados',controller='exams'*/[0m
  ↳ app/views/exams/index.html.erb:9
  Rendered exams/index.html.erb within layouts/application (Duration: 13.3ms | GC: 0.3ms)
  Rendered layout layouts/application.html.erb (Duration: 15.0ms | GC: 0.3ms)
Completed 200 OK in 67ms (Views: 14.8ms | ActiveRecord: 1.5ms (6 queries, 0 cached) | GC: 0.3ms)


Started GET "/exams/2" for 172.18.0.1 at 2026-10-04 02:06:31 +0000
Cannot render console from 172.18.0.1! Allowed networks: 127.0.0.0/127.255.255.255, ::1, ::ffff:127.0.0.0/::ffff:127.255.255.255
Processing by ExamsController#show as HTML
  Parameters: {"id" => "2"}
  [1m[36mExam Load (0.4ms)[0m  [1m[34mSELECT "exams".* FROM "exams" WHERE "exams"."id" = 2 LIMIT 1 /*action='show',application='MetaversoSimulados',controller='exams'*/[0m
  ↳ app/controllers/exams_controller.rb:45:in 'ExamsController#set_exam'
  Rendering layout layouts/application.html.erb
  Rendering exams/show.html.erb within layouts/application
  [1m[36mClassroom Load (0.4ms)[0m  [1m[34mSELECT "classrooms".* FROM "classrooms" INNER JOIN "exam_classrooms" ON "classrooms"."id" = "exam_classrooms"."classroom_id" WHERE "exam_classrooms"."exam_id" = 2 /*action='show',application='MetaversoSimulados',controller='exams'*/[0m
  ↳ app/views/exams/show.html.erb:3:in 'Enumerable#map'
  Rendered shared/_page_header.html.erb (Duration: 0.6ms | GC: 0.0ms)
  [1m[36mExamQuestion Exists? (0.2ms)[0m  [1m[34mSELECT 1 AS one FROM "exam_questions" WHERE "exam_questions"."exam_id" = 2 AND "exam_questions"."correct_option" IS NULL AND "exam_questions"."annulled" = FALSE LIMIT 1 /*action='show',application='MetaversoSimulados',controller='exams'*/[0m
  ↳ app/models/exam.rb:32:in 'Exam#answer_key_complete?'
  [1m[36mExamSubject Load (0.2ms)[0m  [1m[34mSELECT "exam_subjects".* FROM "exam_subjects" WHERE "exam_subjects"."exam_id" = 2 ORDER BY "exam_subjects"."position" ASC, "exam_subjects"."id" ASC /*action='show',application='MetaversoSimulados',controller='exams'*/[0m
  ↳ app/views/exams/show.html.erb:28
  [1m[36mSubject Load (0.2ms)[0m  [1m[34mSELECT "subjects".* FROM "subjects" WHERE "subjects"."id" IN (3, 2) /*action='show',application='MetaversoSimulados',controller='exams'*/[0m
  ↳ app/views/exams/show.html.erb:28
  [1m[36mExamQuestion Load (0.2ms)[0m  [1m[34mSELECT "exam_questions".* FROM "exam_questions" WHERE "exam_questions"."exam_subject_id" IN (3, 4) ORDER BY "exam_questions"."number" ASC /*action='show',application='MetaversoSimulados',controller='exams'*/[0m
  ↳ app/views/exams/show.html.erb:28
  [1m[36mCACHE ExamSubject Load (0.0ms)[0m  [1m[34mSELECT "exam_subjects".* FROM "exam_subjects" WHERE "exam_subjects"."exam_id" = 2 ORDER BY "exam_subjects"."position" ASC, "exam_subjects"."id" ASC[0m
  ↳ app/models/exam.rb:24:in 'Exam#total_questions'
  Rendered exams/show.html.erb within layouts/application (Duration: 14.2ms | GC: 1.3ms)
  Rendered layout layouts/application.html.erb (Duration: 15.8ms | GC: 1.3ms)
Completed 200 OK in 69ms (Views: 15.6ms | ActiveRecord: 1.6ms (7 queries, 1 cached) | GC: 1.3ms)


